Symbol,Name,MarketCap_Cr,BSECode,Segment,Exchange,Platform
MUL,Mauria Udyog Ltd,100.3,539219,micro,BSE,BSE Main Board+BSE SME
TITANSEC,Titan Securities Ltd,100.31,530045,micro,BSE,BSE Main Board+BSE SME
ALKALI,Alkali Metals Limited,100.61,533029,micro,NSE+BSE,BSE Main Board+BSE SME+NSE Main Board
SIL,Standard Industries Limited,101.06,530017,micro,NSE+BSE,BSE Main Board+BSE SME+NSE Main Board
NEXOME,Nexome Capital Markets Ltd,101.34,508905,micro,BSE,BSE Main Board+BSE SME
VISTARAMAR,Vistar Amar Ltd,101.4,538565,micro,BSE,BSE Main Board+BSE SME
AMTECH,Amtech Esters Ltd,101.51,544920,micro,BSE,BSE Main Board+BSE SME
PARVATI,Parvati Sweetners and Power Ltd,101.57,541347,micro,BSE,BSE Main Board+BSE SME
APOLLOIN,Apollo Ingredients Ltd,101.76,503639,micro,BSE,BSE Main Board+BSE SME
MOTOGENFIN,The Motor & General Finance Limited,102.05,501343,micro,NSE+BSE,BSE Main Board+BSE SME+NSE Main Board
SPTRSHI,Saptarishi Agro Industries Ltd,102.07,519238,micro,BSE,BSE Main Board+BSE SME
VIPPYSP,Vippy Spinpro Ltd,102.14,514302,micro,BSE,BSE Main Board+BSE SME
ULTRACAB,Ultracab (India) Ltd,102.18,538706,micro,BSE,BSE Main Board+BSE SME
NAPL,Naturite Agro Products Ltd,102.19,538926,micro,BSE,BSE Main Board+BSE SME
PIONRINV,Pioneer Investcorp Limited,102.31,507864,micro,NSE+BSE,BSE Main Board+BSE SME+NSE Main Board
DEEPAKSP,Deepak Spinners Ltd,102.63,514030,micro,BSE,BSE Main Board+BSE SME
MPKSTEELS,M P K Steels (I) Ltd,102.73,544553,micro,BSE,BSE Main Board+BSE SME
OPTIFIN,Optimus Finance Limited,102.82,531254,micro,NSE+BSE,BSE Main Board+BSE SME+NSE Main Board
NARMADA,Narmada Agrobase Limited,102.88,543643,micro,NSE+BSE,BSE Main Board+BSE SME+NSE Main Board
ANKIN,Anka India Ltd,103.14,531673,micro,BSE,BSE Main Board+BSE SME
BASANTGL,Basant Agro Tech India Ltd,103.22,524687,micro,BSE,BSE Main Board+BSE SME
SURATRAML,Surat Trade and Mercantile Ltd,103.26,530185,micro,BSE,BSE Main Board+BSE SME
SAMRATFORG,Samrat Forgings Ltd,103.28,543229,micro,BSE,BSE Main Board+BSE SME
MRP,MRP Agro Ltd,103.49,543262,micro,BSE,BSE Main Board+BSE SME
LOVABLE,Lovable Lingerie Limited,103.59,533343,micro,NSE+BSE,BSE Main Board+BSE SME+NSE Main Board
PRODOCS,Prodocs Solutions Ltd,103.64,544643,micro,BSE,BSE Main Board+BSE SME
AUTOPINS,Auto Pins (India) Ltd,104.1,531994,micro,BSE,BSE Main Board+BSE SME
THAKDEV,Thakkers Developers Limited,104.45,526654,micro,NSE+BSE,BSE Main Board+BSE SME+NSE Main Board
MNIL,Mega Nirman and Industries Ltd,104.59,539767,micro,BSE,BSE Main Board+BSE SME
MINID,Mini Diamonds India Ltd,104.65,523373,micro,BSE,BSE Main Board+BSE SME
PHARMAID,Pharmaids Pharmaceuticals Ltd,104.89,524572,micro,BSE,BSE Main Board+BSE SME
VANDU,Leo Dryfruits & Spices Trading Ltd,105.56,544329,micro,BSE,BSE Main Board+BSE SME
SVJ,S. V. J. ENTERPRISES Ltd,105.65,543799,micro,BSE,BSE Main Board+BSE SME
COMPUSOFT,Compucom Software Limited,105.71,532339,micro,NSE+BSE,BSE Main Board+BSE SME+NSE Main Board
DBSTOCKBRO,DB (International) Stock Brokers Limited,105.91,530393,micro,NSE+BSE,BSE Main Board+BSE SME+NSE Main Board
ZENITHEXPO,Zenith Exports Limited,105.96,512553,micro,NSE+BSE,BSE Main Board+BSE SME+NSE Main Board
VGCL,Vibrant Global Capital Limited,106.02,538732,micro,NSE+BSE,BSE Main Board+BSE SME+NSE Main Board
SISL,Shantidoot Infra Services Ltd,106.08,543598,micro,BSE,BSE Main Board+BSE SME
GUJCONT,Gujarat Containers Ltd,106.18,513507,micro,BSE,BSE Main Board+BSE SME
AVROIND,AVRO INDIA LIMITED,106.4,543512,micro,NSE+BSE,BSE Main Board+BSE SME+NSE Main Board
LAMBODHARA,Lambodhara Textiles Limited,106.43,590075,micro,NSE+BSE,BSE Main Board+BSE SME+NSE Main Board
DIKSHA,Diksha Polymers Ltd,106.53,544798,micro,BSE,BSE Main Board+BSE SME
SUPTANERY,Super Tannery Limited,106.57,523842,micro,NSE+BSE,BSE Main Board+BSE SME+NSE Main Board
TCIIND,TCI Industries Ltd,106.58,532262,micro,BSE,BSE Main Board+BSE SME
EY,Eyantra Ventures Ltd,107.0,512099,micro,BSE,BSE Main Board+BSE SME
GROVY,Grovy India Ltd,107.13,539522,micro,BSE,BSE Main Board+BSE SME
INDSILHYD,Indsil Hydro Power and Manganese Ltd,107.3,522165,micro,BSE,BSE Main Board+BSE SME
MCPL,Manoj Ceramic Ltd,107.46,544073,micro,BSE,BSE Main Board+BSE SME
VEL,Vaxfab Enterprises Ltd,108.08,542803,micro,BSE,BSE Main Board+BSE SME
RAJSREESUG,Rajshree Sugars & Chemicals Limited,108.12,500354,micro,NSE+BSE,BSE Main Board+BSE SME+NSE Main Board
NARMADESH,Narmadesh Brass Industries Ltd,108.2,544680,micro,BSE,BSE Main Board+BSE SME
CRSL,Cressanda Railway Solutions Limited,108.33,512379,micro,NSE+BSE,BSE Main Board+BSE SME+NSE Main Board
CHEMTECH,Chemtech Industrial Valves Ltd,108.36,537326,micro,BSE,BSE Main Board+BSE SME
SOMICONVEY,Somi Conveyor Beltings Limited,108.49,533001,micro,NSE+BSE,BSE Main Board+BSE SME+NSE Main Board
XELPMOC,Xelpmoc Design And Tech Limited,108.9,542367,micro,NSE+BSE,BSE Main Board+BSE SME+NSE Main Board
JYOTI,Jyoti Ltd,108.91,504076,micro,BSE,BSE Main Board+BSE SME
SURYALAXMI,Suryalakshmi Cotton Mills Limited,109.07,521200,micro,NSE+BSE,BSE Main Board+BSE SME+NSE Main Board
WEIZMANIND,Weizmann Limited,109.17,523011,micro,NSE+BSE,BSE Main Board+BSE SME+NSE Main Board
GSTL,Globesecure Technologies Limited,109.3,540654,micro,NSE+BSE,BSE Main Board+BSE SME+NSE Emerge
LEXGLOBAL,Lexora Global Ltd,109.35,512345,micro,BSE,BSE Main Board+BSE SME
VLEGOV,VL E-Governance & IT Solutions Limited,109.54,543958,micro,NSE+BSE,BSE Main Board+BSE SME+NSE Main Board
SAMKRG,Samkrg Pistons & Rings Ltd,109.55,520075,micro,BSE,BSE Main Board+BSE SME
MTL,Mehul Telecom Ltd,109.74,544751,micro,BSE,BSE Main Board+BSE SME
NCLRESE,NCL Research & Financial Services Ltd,109.89,530557,micro,BSE,BSE Main Board+BSE SME
JOLYPLS,Jolly Plastic Industries Ltd,109.96,507968,micro,BSE,BSE Main Board+BSE SME
BNALTD,B & A Limited,110.05,508136,micro,NSE+BSE,BSE Main Board+BSE SME+NSE Main Board
GODAVARI,Godavari Drugs Ltd,110.39,530317,micro,BSE,BSE Main Board+BSE SME
TECHNICHEM,Technichem Organics Ltd,110.86,544327,micro,BSE,BSE Main Board+BSE SME
BHARATAGRI,Bharat Agri Fert & Realty Ltd,110.89,531862,micro,BSE,BSE Main Board+BSE SME
GTL,GTL Limited,111.05,500160,micro,NSE+BSE,BSE Main Board+BSE SME+NSE Main Board
RISHIROOP,Rishiroop Ltd,111.34,526492,micro,BSE,BSE Main Board+BSE SME
MAKERSL,Makers Laboratories Limited,111.55,506919,micro,NSE+BSE,BSE Main Board+BSE SME+NSE Main Board
GANGESSECU,Ganges Securities Limited,111.89,540647,micro,NSE+BSE,BSE Main Board+BSE SME+NSE Main Board
DHARNI,Dharni Capital Services Ltd,112.04,543753,micro,BSE,BSE Main Board+BSE SME
PMCFIN,PMC Fincorp Ltd,112.51,534060,micro,BSE,BSE Main Board+BSE SME
INDBANK,Indbank Merchant Banking Services Limited,112.68,511473,micro,NSE+BSE,BSE Main Board+BSE SME+NSE Main Board
GARNETINT,Garnet International Ltd,112.9,512493,micro,BSE,BSE Main Board+BSE SME
VSL,Viram Suvarn Ltd,113.01,540252,micro,BSE,BSE Main Board+BSE SME
KOHINOOR,Kohinoor Foods Limited,113.14,512559,micro,NSE+BSE,BSE Main Board+BSE SME+NSE Main Board
JAMESWARREN,James Warren Tea Ltd,113.17,538564,micro,BSE,BSE Main Board+BSE SME
SCOOBEEDAY,Scoobee Day Garments (India) Ltd,113.33,531234,micro,BSE,BSE Main Board+BSE SME
HIGHNESS,Highness Microelectronics Ltd,113.34,544741,micro,BSE,BSE Main Board+BSE SME
SHYAMCENT,Shyam Century Ferrous Limited,113.75,539252,micro,NSE+BSE,BSE Main Board+BSE SME+NSE Main Board
AEGEUS,Aegeus Technologies Ltd,113.89,544858,micro,BSE,BSE Main Board+BSE SME
DEEP,Deep Polymers Limited,114.54,541778,micro,NSE+BSE,BSE Main Board+BSE SME+NSE Main Board
NAGTECH,Nagarjuna Agri Tech Ltd,114.74,531832,micro,BSE,BSE Main Board+BSE SME
USK,Udayshivakumar Infra Limited,114.92,543861,micro,NSE+BSE,BSE Main Board+BSE SME+NSE Main Board
DUROPLY,Duroply Industries Ltd,114.99,516003,micro,BSE,BSE Main Board+BSE SME
KAJARIR,KIC Metaliks Ltd,115.01,513693,micro,BSE,BSE Main Board+BSE SME
RSDFIN,RSD Finance Limited,115.09,539875,micro,NSE+BSE,BSE Main Board+BSE SME+NSE Main Board
SAMBHAAV,Sambhaav Media Limited,115.24,511630,micro,NSE+BSE,BSE Main Board+BSE SME+NSE Main Board
AMDIND,AMD Industries Limited,115.25,532828,micro,NSE+BSE,BSE Main Board+BSE SME+NSE Main Board
INTLCOMBQ,International Combustion India Ltd,115.39,505737,micro,BSE,BSE Main Board+BSE SME
VISHWARAJ,Vishwaraj Sugar Industries Limited,115.45,542852,micro,NSE+BSE,BSE Main Board+BSE SME+NSE Main Board
HINDTIN,Hindustan Tin Works Ltd,115.64,530315,micro,BSE,BSE Main Board+BSE SME
ASSAMENT,Assam Entrade Limited,115.8,542911,micro,NSE+BSE,BSE Main Board+BSE SME+NSE Main Board
VIRYA,Virya Resources Ltd,115.94,512479,micro,BSE,BSE Main Board+BSE SME
CRANESSOFT,Cranes Software International Ltd,116.33,512093,micro,BSE,BSE Main Board+BSE SME
BHILSPIN,Bhilwara Spinners Ltd,116.61,514272,micro,BSE,BSE Main Board+BSE SME
LAHOTIOV,Lahoti Overseas Limited,116.63,531842,micro,NSE+BSE,BSE Main Board+BSE SME+NSE Main Board
BCPL,BCPL Railway Infrastructure Limited,116.68,542057,micro,NSE+BSE,BSE Main Board+BSE SME+NSE Main Board
HINDHARD,Hindustan Hardy Ltd,116.85,505893,micro,BSE,BSE Main Board+BSE SME
CHEMCRUX,Chemcrux Enterprises Limited,117.21,540395,micro,NSE+BSE,BSE Main Board+BSE SME+NSE Main Board
TYCHE,Tyche Industries Ltd,117.31,532384,micro,BSE,BSE Main Board+BSE SME
CHLOGIST,Chartered Logistics Ltd,117.48,531977,micro,BSE,BSE Main Board+BSE SME
SAMPANN,Sampann Utpadan India Limited,117.49,534598,micro,NSE+BSE,BSE Main Board+BSE SME+NSE Main Board
RUCHINFRA,Ruchi Infrastructure Limited,117.54,509020,micro,NSE+BSE,BSE Main Board+BSE SME+NSE Main Board
NSBBPO,NSB BPO Solutions Ltd,117.84,544571,micro,BSE,BSE Main Board+BSE SME
CAPPIPES,Captain Pipes Ltd,117.85,538817,micro,BSE,BSE Main Board+BSE SME
ITL,ITL Industries Limited,118.06,522183,micro,NSE+BSE,BSE Main Board+BSE SME+NSE Main Board
SHRIGANG,Shri Gang Industries & Allied Products Ltd,118.47,523309,micro,BSE,BSE Main Board+BSE SME
THACKER,Thacker & Company Limited,118.56,509945,micro,NSE+BSE,BSE Main Board+BSE SME+NSE Main Board
YASHHTEJ,Yashhtej Industries (India) Ltd,118.86,544708,micro,BSE,BSE Main Board+BSE SME
DIGJAMLMTD,Digjam Limited,118.88,539979,micro,NSE+BSE,BSE Main Board+BSE SME+NSE Main Board
VALENCIA,Valencia Nutrition Ltd,119.04,542910,micro,BSE,BSE Main Board+BSE SME
MCFL,Mayank Cattle Food Ltd,119.34,544106,micro,BSE,BSE Main Board+BSE SME
AAATECH,AAA Technologies Limited,119.76,543671,micro,NSE+BSE,BSE Main Board+BSE SME+NSE Main Board
OKPLA,OK Play India Ltd,119.77,526415,micro,BSE,BSE Main Board+BSE SME
SKPMIL,Shree Krishna Paper Mills & Industries Ltd,119.87,500388,micro,BSE,BSE Main Board+BSE SME
ICONIKSPEV,Iconik Sports And Events Ltd,120.04,511260,micro,BSE,BSE Main Board+BSE SME
REXNORD,Rexnord Electronics & Controls Ltd,120.29,531888,micro,BSE,BSE Main Board+BSE SME
BIHSPONG,Bihar Sponge Iron Ltd,120.33,500058,micro,BSE,BSE Main Board+BSE SME
DUNCANENG,Duncan Engineering Ltd,120.43,504908,micro,BSE,BSE Main Board+BSE SME
EMIAC,Emiac Technologies Ltd,120.47,544747,micro,BSE,BSE Main Board+BSE SME
AKSHOPTFBR,Aksh Optifibre Limited,120.56,532351,micro,NSE+BSE,BSE Main Board+BSE SME+NSE Main Board
ZAPPFRESH,DSM Fresh Foods Ltd,120.75,544568,micro,BSE,BSE Main Board+BSE SME
WHBRADY,WH Brady & Company Limited,120.84,501391,micro,NSE+BSE,BSE Main Board+BSE SME+NSE Main Board
ISERA,iSERA Lifesciences Ltd,121.01,534920,micro,BSE,BSE Main Board+BSE SME
KREBSBIO,Krebs Biochemicals and Industries Limited,121.02,524518,micro,NSE+BSE,BSE Main Board+BSE SME+NSE Main Board
SANCTRN,Sanco Trans Ltd,121.09,523116,micro,BSE,BSE Main Board+BSE SME
CFEL,Confidence Futuristic Energetech Limited,121.27,539991,micro,NSE+BSE,BSE Main Board+BSE SME+NSE Main Board
KANELIND,Kanel Industries Ltd,121.5,500236,micro,BSE,BSE Main Board+BSE SME
AIML,Alliance Integrated Metaliks Ltd,121.64,534064,micro,BSE,BSE Main Board+BSE SME
DHAMPURE,Dhampure Specialty Sugars Ltd,121.71,531923,micro,BSE,BSE Main Board+BSE SME
URAVIDEF,Uravi Defence and Technology Limited,122.09,543930,micro,NSE+BSE,BSE Main Board+BSE SME+NSE Main Board
LGBFORGE,LGB Forge Ltd,122.2,533007,micro,BSE,BSE Main Board+BSE SME
OBCL,OBCL Limited,122.28,541206,micro,NSE+BSE,BSE Main Board+BSE SME+NSE Main Board
SONAL,Sonal Mercantile Limited,122.33,538943,micro,NSE+BSE,BSE Main Board+BSE SME+NSE Main Board
AAYUSH,Aayush Wellness Ltd,122.36,539528,micro,BSE,BSE Main Board+BSE SME
SUPREME,Supreme Holdings & Hospitality (India) Limited,122.55,530677,micro,NSE+BSE,BSE Main Board+BSE SME+NSE Main Board
ANIKINDS,Anik Industries Limited,122.67,519383,micro,NSE+BSE,BSE Main Board+BSE SME+NSE Main Board
GSLSU,Global Surfaces Limited,122.91,543829,micro,NSE+BSE,BSE Main Board+BSE SME+NSE Main Board
TRUSTEDGE,Trustedge Capital Ltd,123.19,532056,micro,BSE,BSE Main Board+BSE SME
RAJABAH,Raja Bahadur International Ltd,123.38,503127,micro,BSE,BSE Main Board+BSE SME
BENGALT,Bengal Tea & Fabrics Ltd,123.43,532230,micro,BSE,BSE Main Board+BSE SME
AMBARPIL,Ambar Protein Industries Ltd,123.63,519471,micro,BSE,BSE Main Board+BSE SME
MDRC,Modern Diagnostic & Research Centre Ltd,123.81,544673,micro,BSE,BSE Main Board+BSE SME
ELNET,Elnet Technologies Ltd,124.0,517477,micro,BSE,BSE Main Board+BSE SME
LKPSEC,LKP Securities Limited,124.11,540192,micro,NSE+BSE,BSE Main Board+BSE SME+NSE Main Board
SBVCL,Shri Balaji Valve Components Ltd,124.24,544074,micro,BSE,BSE Main Board+BSE SME
ZBINTXPP,Binayak Tex Processors Ltd,124.28,523054,micro,BSE,BSE Main Board+BSE SME
ASPIRA,Aspira Pathlab & Diagnostics Ltd,124.29,540788,micro,BSE,BSE Main Board+BSE SME
DELPHIFX,DELPHI WORLD MONEY LIMITED,124.35,533452,micro,NSE+BSE,BSE Main Board+BSE SME+NSE Main Board
GATECH,GACM Technologies Limited,124.62,531723,micro,NSE+BSE,BSE Main Board+BSE SME+NSE Main Board
INDIANCARD,Indian Card Clothing Company Limited,124.76,509692,micro,NSE+BSE,BSE Main Board+BSE SME+NSE Main Board
AZTEC,Aztec Fluids & Machinery Ltd,124.85,544177,micro,BSE,BSE Main Board+BSE SME
KEMP,Kemp & Company Ltd,124.87,506530,micro,BSE,BSE Main Board+BSE SME
VJTFEDU,VJTF Eduservices Ltd,124.87,509026,micro,BSE,BSE Main Board+BSE SME
CUBEXTUB,Cubex Tubings Limited,125.06,526027,micro,NSE+BSE,BSE Main Board+BSE SME+NSE Main Board
FYNX,Fynx Capital Ltd,125.4,507962,micro,BSE,BSE Main Board+BSE SME
APMIN,APM Industries Ltd,125.56,523537,micro,BSE,BSE Main Board+BSE SME
METHODHUB,Methodhub Software Ltd,125.68,544637,micro,BSE,BSE Main Board+BSE SME
AGVENTURES,AG Ventures Ltd,125.83,506579,micro,BSE,BSE Main Board+BSE SME
POPEES,Popees Baby Care India Ltd,126.17,531971,micro,BSE,BSE Main Board+BSE SME
KAIRA,Kaira Can Company Ltd,126.53,504840,micro,BSE,BSE Main Board+BSE SME
KIFS,KIFS Financial Services Ltd,126.57,535566,micro,BSE,BSE Main Board+BSE SME
RAAMA,Raama Finance Ltd,126.69,538540,micro,BSE,BSE Main Board+BSE SME
SHRAAITECH,Shradha AI Technologies Ltd,126.78,543976,micro,BSE,BSE Main Board+BSE SME
CORALFINAC,Coral India Finance & Housing Limited,126.79,531556,micro,NSE+BSE,BSE Main Board+BSE SME+NSE Main Board
NIFTYBEES,Nippon India ETF Nifty 50 BeES,126.83,590103,micro,BSE,BSE Main Board+BSE SME
LACTOSE,Lactose India Ltd,126.9,524202,micro,BSE,BSE Main Board+BSE SME
ATVPR,ATV Projects India Ltd,126.9,500028,micro,BSE,BSE Main Board+BSE SME
PURETROP,Puretrop Fruits  Ltd,127.09,530077,micro,BSE,BSE Main Board+BSE SME
CITYSQUARE,Jay Ambe Supermarkets Ltd,127.78,544514,micro,BSE,BSE Main Board+BSE SME
NATPLASTI,National Plastic Technologies Ltd,127.89,531287,micro,BSE,BSE Main Board+BSE SME
SURANASOL,Surana Solar Limited,127.94,533298,micro,NSE+BSE,BSE Main Board+BSE SME+NSE Main Board
SILL,Sampark India Logistics Ltd,127.98,544810,micro,BSE,BSE Main Board+BSE SME
KESARENT,Kesar Enterprises Ltd,128.21,507180,micro,BSE,BSE Main Board+BSE SME
ALPA,Alpa Laboratories Limited,128.26,532878,micro,NSE+BSE,BSE Main Board+BSE SME+NSE Main Board
GARGFUR,Garg Furnace Ltd,128.28,530615,micro,BSE,BSE Main Board+BSE SME
INDSUCR,Indian Sucrose Ltd,128.48,500319,micro,BSE,BSE Main Board+BSE SME
CHOKSI,Choksi Asia Ltd,128.84,530427,micro,BSE,BSE Main Board+BSE SME
FRESITA,Fresita Proteins Ltd,128.98,519242,micro,BSE,BSE Main Board+BSE SME
WORTH,Worth Investment & Trading Co Ltd,129.01,538451,micro,BSE,BSE Main Board+BSE SME
AARNAV,Aarnav Fashions Limited,129.04,539562,micro,NSE+BSE,BSE Main Board+BSE SME+NSE Main Board
KESARPE,Kesar Petroproducts Ltd,129.06,524174,micro,BSE,BSE Main Board+BSE SME
ABATEAS,Abate As Industries Ltd,129.08,531658,micro,BSE,BSE Main Board+BSE SME
SCDL,Safety Controls & Devices Ltd,129.11,544746,micro,BSE,BSE Main Board+BSE SME
BTML,Bodhi Tree Multimedia Limited,129.19,543767,micro,NSE+BSE,BSE Main Board+BSE SME+NSE Main Board
PANAFIC,Panafic Industrials Ltd,129.59,538860,micro,BSE,BSE Main Board+BSE SME
RISHILASE,Rishi Laser Ltd,129.6,526861,micro,BSE,BSE Main Board+BSE SME
BSL,BSL Limited,129.68,514045,micro,NSE+BSE,BSE Main Board+BSE SME+NSE Main Board
MAGNUM,Magnum Ventures Limited,129.84,532896,micro,NSE+BSE,BSE Main Board+BSE SME+NSE Main Board
ATIL,Apollo Techno Industries Ltd,130.05,544671,micro,BSE,BSE Main Board+BSE SME
SADBHAV,Sadbhav Engineering Limited,130.05,532710,micro,NSE+BSE,BSE Main Board+BSE SME+NSE Main Board
ESCORP,Escorp Asset Management Ltd,130.34,540455,micro,BSE,BSE Main Board+BSE SME
ONELIFECAP,Onelife Capital Advisors Limited,130.46,533632,micro,NSE+BSE,BSE Main Board+BSE SME+NSE Main Board
PCCOSMA,Pee Cee Cosma Sope Ltd,130.51,524136,micro,BSE,BSE Main Board+BSE SME
DEVIT,Dev Information Technology Limited,130.54,543462,micro,NSE+BSE,BSE Main Board+BSE SME+NSE Main Board
SWADPOL,Swadeshi Polytex Ltd,131.39,503816,micro,BSE,BSE Main Board+BSE SME
MUKTAARTS,Mukta Arts Limited,131.45,532357,micro,NSE+BSE,BSE Main Board+BSE SME+NSE Main Board
PRIMIND,Prime Industries Ltd,131.75,519299,micro,BSE,BSE Main Board+BSE SME
SPML,Speciality Medicines Ltd,131.79,544738,micro,BSE,BSE Main Board+BSE SME
AFLTD,Autofurnish Ltd,132.14,544767,micro,BSE,BSE Main Board+BSE SME
PREMCO,Premco Global Limited,132.21,530331,micro,NSE+BSE,BSE Main Board+BSE SME+NSE Main Board
OSIAJEE,Osiajee Texfab Ltd,132.25,540198,micro,BSE,BSE Main Board+BSE SME
ACCORDTS,Accord Transformer & Switchgear Ltd,132.29,544710,micro,BSE,BSE Main Board+BSE SME
UPSURGE,Upsurge Investment & Finance Ltd,132.45,531390,micro,BSE,BSE Main Board+BSE SME
KEYFINSERV,Keynote Financial Services Limited,132.46,512597,micro,NSE+BSE,BSE Main Board+BSE SME+NSE Main Board
CHOKSILA,Choksi Laboratories Ltd,133.25,526546,micro,BSE,BSE Main Board+BSE SME
LAPL,LAPL Automotive Ltd,133.26,544863,micro,BSE,BSE Main Board+BSE SME
WEPSOLN,WEP Solutions Ltd,133.89,532373,micro,BSE,BSE Main Board+BSE SME
KANSHST,Kanishk Steel Industries Ltd,134.39,513456,micro,BSE,BSE Main Board+BSE SME
BRNL,Bharat Road Network Limited,134.82,540700,micro,NSE+BSE,BSE Main Board+BSE SME+NSE Main Board
ISHANCH,Ishan Dyes and Chemicals Limited,134.83,531109,micro,NSE+BSE,BSE Main Board+BSE SME+NSE Main Board
STARDELTA,Star Delta Transformers Ltd,135.16,539255,micro,BSE,BSE Main Board+BSE SME
HRHYGIENE,H. R. Hygiene Products Ltd,136.27,544848,micro,BSE,BSE Main Board+BSE SME
STARIMAGIN,Star Imaging And Path Lab Ltd,136.38,544482,micro,BSE,BSE Main Board+BSE SME
ZEAL,Zeal Global Services Limited,136.4,539963,micro,NSE+BSE,BSE Main Board+BSE SME+NSE Emerge
PARNAXLAB,Parnax Lab Limited,136.85,506128,micro,NSE+BSE,BSE Main Board+BSE SME+NSE Main Board
TRADWIN,Trade Wings Ltd,136.92,509953,micro,BSE,BSE Main Board+BSE SME
HPIL,Hindprakash Industries Limited,137.09,543645,micro,NSE+BSE,BSE Main Board+BSE SME+NSE Main Board
STDSFAC,Standard Surfactants Ltd,137.37,526231,micro,BSE,BSE Main Board+BSE SME
ARCHITORG,Archit Organosys Ltd,137.74,524640,micro,BSE,BSE Main Board+BSE SME
ENS,ENS Enterprises Ltd,137.78,544876,micro,BSE,BSE Main Board+BSE SME
TIPSFILMS,Tips Films Limited,137.88,543614,micro,NSE+BSE,BSE Main Board+BSE SME+NSE Main Board
TIRUSTA,Tirupati Starch & Chemicals Ltd,137.89,524582,micro,BSE,BSE Main Board+BSE SME
MODAIRY,Modern Dairies Ltd,138.09,519287,micro,BSE,BSE Main Board+BSE SME
SHARVAYA,Sharvaya Metals Ltd,138.41,544506,micro,BSE,BSE Main Board+BSE SME
CRAZY,Crazy Snacks Ltd,138.6,544807,micro,BSE,BSE Main Board+BSE SME
LATIMMETAL,La Tim Metal & Industries Ltd,138.99,505693,micro,BSE,BSE Main Board+BSE SME
SHBAJRG,Shri Bajrang Alliance Limited,139.05,526981,micro,NSE+BSE,BSE Main Board+BSE SME+NSE Main Board
RDGAIL,Rukmani Devi Garg Agro Impex Ltd,139.13,544552,micro,BSE,BSE Main Board+BSE SME
GARWAOFFS,Garware Offshore Services Ltd,139.97,501848,micro,BSE,BSE Main Board+BSE SME
TARMAT,Tarmat Limited,139.98,532869,micro,NSE+BSE,BSE Main Board+BSE SME+NSE Main Board
PJL,Patdiam Jewellery Ltd,140.3,539401,micro,BSE,BSE Main Board+BSE SME
AVAILFC,Available Finance Ltd,140.35,531310,micro,BSE,BSE Main Board+BSE SME
EASTINDIA,East India Drums and Barrels Manufacturing Ltd,140.36,523874,micro,BSE,BSE Main Board+BSE SME
GUJINJEC,Gujarat Inject Kerala Ltd,140.63,524238,micro,BSE,BSE Main Board+BSE SME
DACHEPALLI,Dachepalli Publishers Ltd,140.77,544667,micro,BSE,BSE Main Board+BSE SME
GLOBALLOG,Global Ocean Logistics India Ltd,140.82,544665,micro,BSE,BSE Main Board+BSE SME
JKAGRI,JK Agri Genetics Ltd,141.43,536493,micro,BSE,BSE Main Board+BSE SME
SALONA,Salona Cotspin Limited,141.8,590056,micro,NSE+BSE,BSE Main Board+BSE SME+NSE Main Board
SECMARK,SecMark Consultancy Limited,141.97,543234,micro,NSE+BSE,BSE Main Board+BSE SME+NSE Main Board
DCM,DCM  Limited,142.06,502820,micro,NSE+BSE,BSE Main Board+BSE SME+NSE Main Board
KAMOPAINTS,Kamdhenu Ventures Limited,142.13,543747,micro,NSE+BSE,BSE Main Board+BSE SME+NSE Main Board
BRIGHTBR,Bright Brothers Limited,142.83,526731,micro,NSE+BSE,BSE Main Board+BSE SME+NSE Main Board
IKOMA,Ikoma Technologies Ltd,143.34,531997,micro,BSE,BSE Main Board+BSE SME
GUJINTRX,Gujarat Intrux Ltd,143.96,517372,micro,BSE,BSE Main Board+BSE SME
DESCO,Desco Infratech Ltd,144.04,544387,micro,BSE,BSE Main Board+BSE SME
CALSOFT,California Software Company Limited,144.1,532386,micro,NSE+BSE,BSE Main Board+BSE SME+NSE Main Board
INDOWIND,Indowind Energy Limited,144.42,532894,micro,NSE+BSE,BSE Main Board+BSE SME+NSE Main Board
SUPRAPFSL,Supra Pacific Financial Services Ltd,144.82,540168,micro,BSE,BSE Main Board+BSE SME
KEIL,Kanoria Energy & Infrastructure Ltd,145.0,539620,micro,BSE,BSE Main Board+BSE SME
PANCHSHEEL,Panchsheel Organics Ltd,145.02,531726,micro,BSE,BSE Main Board+BSE SME
RELIABLE,Reliable Data Services Limited,145.31,544207,micro,NSE+BSE,BSE Main Board+BSE SME+NSE Main Board
DGCONTENT,Digicontent Limited,145.35,542685,micro,NSE+BSE,BSE Main Board+BSE SME+NSE Main Board
LOYAL,Loyal Equipments Ltd,145.4,539227,micro,BSE,BSE Main Board+BSE SME
KIMIABL,Kimia Biosciences Ltd,146.01,530313,micro,BSE,BSE Main Board+BSE SME
MAIDEN,Maiden Forgings Ltd,146.45,543874,micro,BSE,BSE Main Board+BSE SME
INDTERRAIN,Indian Terrain Fashions Limited,146.53,533329,micro,NSE+BSE,BSE Main Board+BSE SME+NSE Main Board
GVELECTRIC,G V Electricals Ltd,147.19,544859,micro,BSE,BSE Main Board+BSE SME
HARSHDEEP,Harshdeep Hortico Ltd,147.26,544105,micro,BSE,BSE Main Board+BSE SME
POLSON,Polson Ltd,147.33,507645,micro,BSE,BSE Main Board+BSE SME
AGOL,Ashapuri Gold Ornament Ltd,147.33,542579,micro,BSE,BSE Main Board+BSE SME
KVFORGE,Krishanveer Forge Ltd,147.68,513369,micro,BSE,BSE Main Board+BSE SME
ROLLT,Rollatainers Limited,147.83,502448,micro,NSE+BSE,BSE Main Board+BSE SME+NSE Main Board
JAFINANCE,J.A. Finance Ltd,147.96,543860,micro,BSE,BSE Main Board+BSE SME
MKPL,M K Proteins Limited,148.27,543919,micro,NSE+BSE,BSE Main Board+BSE SME+NSE Main Board
MENAMANI,Mena Mani Industries Ltd,148.51,531127,micro,BSE,BSE Main Board+BSE SME
ONEINDIG,Oneindig Technologies Ltd,148.57,544852,micro,BSE,BSE Main Board+BSE SME
GOURMET,Gourmet Gateway India Ltd,148.77,506134,micro,BSE,BSE Main Board+BSE SME
METAINFO,Meta Infotech Ltd,149.16,544441,micro,BSE,BSE Main Board+BSE SME
STEELCO,Steelco Gujarat Ltd,149.91,500399,micro,BSE,BSE Main Board+BSE SME
PROFINC,Pro Fin Capital Services Ltd,149.93,511557,micro,BSE,BSE Main Board+BSE SME
ISFT,Intrasoft Technologies Limited,149.95,533181,micro,NSE+BSE,BSE Main Board+BSE SME+NSE Main Board
PML,Paul Merchants Limited,149.97,539113,micro,NSE+BSE,BSE Main Board+BSE SME+NSE Main Board
HBGHOTELS,HBG Hotels Ltd,150.04,537839,micro,BSE,BSE Main Board+BSE SME
DHPIND,DHP India Ltd,150.39,531306,micro,BSE,BSE Main Board+BSE SME
BRADYM,Brady & Morris Engineering Company Ltd,150.46,505690,micro,BSE,BSE Main Board+BSE SME
YAASHVI,Yaashvi Jewellers Ltd,150.72,544770,micro,BSE,BSE Main Board+BSE SME
CHLLTD,CHL Ltd,150.81,532992,micro,BSE,BSE Main Board+BSE SME
INFRAX,Infrax Renewable Ltd,150.83,544919,micro,BSE,BSE Main Board+BSE SME
ACEMEN,Ace Men Engg Works Ltd,151.23,539661,micro,BSE,BSE Main Board+BSE SME
NBL,Naapbooks Ltd,151.27,543351,micro,BSE,BSE Main Board+BSE SME
DTIL,Dhunseri Tea & Industries Limited,151.36,538902,micro,NSE+BSE,BSE Main Board+BSE SME+NSE Main Board
ATISHAY,Atishay Ltd,151.63,538713,micro,BSE,BSE Main Board+BSE SME
DOLLEX,Dollex Agrotech Limited,151.81,544908,micro,NSE+BSE,BSE Main Board+BSE SME+NSE Main Board
LAL,Lorenzini Apparels Limited,151.84,540952,micro,NSE+BSE,BSE Main Board+BSE SME+NSE Main Board
AEL,Amba Enterprises Ltd,152.12,539196,micro,BSE,BSE Main Board+BSE SME
RAINBOWF,Rainbow Foundations Ltd,152.13,531694,micro,BSE,BSE Main Board+BSE SME
MON100,Motilal Oswal NASDAQ 100 ETF,152.28,533385,micro,BSE,BSE Main Board+BSE SME
KAVDEFENCE,Kavveri Defence & Wireless Technologies Limited,152.46,590041,micro,NSE+BSE,BSE Main Board+BSE SME+NSE Main Board
VASWANI,Vaswani Industries Limited,153.03,533576,micro,NSE+BSE,BSE Main Board+BSE SME+NSE Main Board
PRAENG,Prajay Engineers Syndicate Limited,153.51,531746,micro,NSE+BSE,BSE Main Board+BSE SME+NSE Main Board
BHARATGEAR,Bharat Gears Limited,153.55,505688,micro,NSE+BSE,BSE Main Board+BSE SME+NSE Main Board
SRTL,Shree Ram Twistex Limited,153.7,544716,micro,NSE+BSE,BSE Main Board+BSE SME+NSE Main Board
GALLARD,Gallard Steel Ltd,153.9,544616,micro,BSE,BSE Main Board+BSE SME
VIRINCHI,Virinchi Limited,154.67,532372,micro,NSE+BSE,BSE Main Board+BSE SME+NSE Main Board
LIPPISYS,Lippi Systems Ltd,154.74,526604,micro,BSE,BSE Main Board+BSE SME
INDOUS,Indo Us Biotech Limited,154.8,541304,micro,NSE+BSE,BSE Main Board+BSE SME+NSE Main Board
BDI,B. D. Industries (Pune) Ltd,154.89,544468,micro,BSE,BSE Main Board+BSE SME
GALAGEX,Galaxy Agrico Exports Ltd,154.93,531911,micro,BSE,BSE Main Board+BSE SME
ACTIVE,Active Clothing Co Ltd,154.97,541144,micro,BSE,BSE Main Board+BSE SME
AMJLAND,Amj Land Holdings Limited,155.39,500343,micro,NSE+BSE,BSE Main Board+BSE SME+NSE Main Board
VLL,Virat Leasing Ltd,155.77,539167,micro,BSE,BSE Main Board+BSE SME
AUROLAB,Auro Laboratories Ltd,155.87,530233,micro,BSE,BSE Main Board+BSE SME
MAHAPEXLTD,Maha Rashtra Apex Corporation Limited,156.36,523384,micro,NSE+BSE,BSE Main Board+BSE SME+NSE Main Board
MSL,Mangalam Seeds Limited,156.47,539275,micro,NSE+BSE,BSE Main Board+BSE SME+NSE Main Board
OMEGAIN,Omega Interactive Technologies Ltd,156.66,511644,micro,BSE,BSE Main Board+BSE SME
INCREDIBLE,INCREDIBLE INDUSTRIES LIMITED,156.71,538365,micro,NSE+BSE,BSE Main Board+BSE SME+NSE Main Board
PRIMAPLA,Prima Plastics Ltd,156.92,530589,micro,BSE,BSE Main Board+BSE SME
BYKE,The Byke Hospitality Ltd,157.36,531373,micro,NSE+BSE,BSE Main Board+BSE SME+NSE Main Board
ALPHAIND,Alphalogic Industries Ltd,157.93,543937,micro,BSE,BSE Main Board+BSE SME
KPT,KPT Industries Ltd,158.13,505299,micro,BSE,BSE Main Board+BSE SME
FILATFASH,Filatex Fashions Limited,158.35,532022,micro,NSE+BSE,BSE Main Board+BSE SME+NSE Main Board
WINSOMTX,Winsome Textile Industries Ltd,159.57,514470,micro,BSE,BSE Main Board+BSE SME
CANDOUR,Candour Techtex Ltd,159.63,522292,micro,BSE,BSE Main Board+BSE SME
KLASSROOM,Fusion Klassroom Edutech Ltd,159.64,544856,micro,BSE,BSE Main Board+BSE SME
SYSCHEM,Syschem India Ltd,159.67,531173,micro,BSE,BSE Main Board+BSE SME
KVSCASTING,KVS Castings Ltd,160.28,544554,micro,BSE,BSE Main Board+BSE SME
JSTL,Jeevan Scientific Technology Ltd,161.42,538837,micro,BSE,BSE Main Board+BSE SME
LAKSHMIEW,Lakshmi Engineering And Warehousing Ltd,161.51,505302,micro,BSE,BSE Main Board+BSE SME
MHLXMIRU,Mahalaxmi Rubtech Limited,161.53,514450,micro,NSE+BSE,BSE Main Board+BSE SME+NSE Main Board
GLOBUSCON,Globus Constructors & Developers Ltd,161.58,526025,micro,BSE,BSE Main Board+BSE SME
METROGLOBL,Metroglobal Limited,161.95,500159,micro,NSE+BSE,BSE Main Board+BSE SME+NSE Main Board
MANAS,Manas Properties Ltd,162.24,540402,micro,BSE,BSE Main Board+BSE SME
GTTDATA,GTT Data Solutions Ltd,162.39,530457,micro,BSE,BSE Main Board+BSE SME
HBESD,HB Estate Developers Limited,163.02,532334,micro,NSE+BSE,BSE Main Board+BSE SME+NSE Main Board
ACHYUT,Achyut Healthcare Ltd,163.16,543499,micro,BSE,BSE Main Board+BSE SME
RAAJMEDI,Raaj Medisafe India Ltd,163.51,524502,micro,BSE,BSE Main Board+BSE SME
MODTHREAD,Modern Threads (India) Limited,163.83,500282,micro,NSE+BSE,BSE Main Board+BSE SME+NSE Main Board
DHOOTIN,Dhoot Industrial Finance Ltd,164.11,526971,micro,BSE,BSE Main Board+BSE SME
RAPICUT,Rapicut Carbides Ltd,164.36,500360,micro,BSE,BSE Main Board+BSE SME
DHAVAL,Dhaval Packaging Ltd,164.77,544854,micro,BSE,BSE Main Board+BSE SME
AARTECH,Aartech Solonics Limited,164.82,542580,micro,NSE+BSE,BSE Main Board+BSE SME+NSE Main Board
BAIDFIN,Baid Finserv Limited,165.11,511724,micro,NSE+BSE,BSE Main Board+BSE SME+NSE Main Board
TILAK,Tilak Ventures Ltd,165.8,503663,micro,BSE,BSE Main Board+BSE SME
STRATMONT,Stratmont Industries Ltd,165.8,530495,micro,BSE,BSE Main Board+BSE SME
ECOBOAR,Ecoboard Industries Ltd,166.02,523732,micro,BSE,BSE Main Board+BSE SME
MODULEX,Modulex Construction Technologies Ltd,166.27,504273,micro,BSE,BSE Main Board+BSE SME
SURYALA,Suryalata Spinning Mills Limited,166.84,514138,micro,NSE+BSE,BSE Main Board+BSE SME+NSE Main Board
FOCUS,Focus Lighting and Fixtures Limited,167.6,543312,micro,NSE+BSE,BSE Main Board+BSE SME+NSE Main Board
SKCIL,Shri Keshav Cements And Infra Ltd,168.14,530977,micro,BSE,BSE Main Board+BSE SME
AVANCE,Avance Technologies Limited,168.46,512149,micro,NSE+BSE,BSE Main Board+BSE SME+NSE Main Board
KANCHI,Kanchi Karpooram Limited,169.32,538896,micro,NSE+BSE,BSE Main Board+BSE SME+NSE Main Board
WARDINMOBI,Wardwizard Innovations & Mobility Limited,169.96,538970,micro,NSE+BSE,BSE Main Board+BSE SME+NSE Main Board
GOLDENCREST,Golden Crest Education & Services Ltd,170.36,540062,micro,BSE,BSE Main Board+BSE SME
RACE,Race Eco Chain Limited,170.38,537785,micro,NSE+BSE,BSE Main Board+BSE SME+NSE Main Board
SNL,SNL Bearings Ltd,170.55,505827,micro,BSE,BSE Main Board+BSE SME
VIPULLTD,Vipul Limited,170.56,511726,micro,NSE+BSE,BSE Main Board+BSE SME+NSE Main Board
AERONEU,Aeroflex Neu Limited,171.0,543743,micro,NSE+BSE,BSE Main Board+BSE SME+NSE Main Board
PILITA,PIL ITALICA LIFESTYLE LIMITED,171.08,500327,micro,NSE+BSE,BSE Main Board+BSE SME+NSE Main Board
EMMBI,Emmbi Industries Limited,171.24,533161,micro,NSE+BSE,BSE Main Board+BSE SME+NSE Main Board
FIL,Fractal Industries Ltd,171.85,544707,micro,BSE,BSE Main Board+BSE SME
MURUDCERA,Murudeshwar Ceramics Limited,172.13,515037,micro,NSE+BSE,BSE Main Board+BSE SME+NSE Main Board
SAKTHIFIN,Sakthi Finance Ltd,172.31,511066,micro,BSE,BSE Main Board+BSE SME
NIRAJ,Niraj Cement Structurals Limited,172.64,532986,micro,NSE+BSE,BSE Main Board+BSE SME+NSE Main Board
INFLAME,Inflame Appliances Ltd,172.67,541083,micro,BSE,BSE Main Board+BSE SME
TRIGYN,Trigyn Technologies Limited,172.68,517562,micro,NSE+BSE,BSE Main Board+BSE SME+NSE Main Board
DOLFIN,Dolfin Rubbers Ltd,172.82,542013,micro,BSE,BSE Main Board+BSE SME
SMR,SMR Jewels Ltd,172.92,544774,micro,BSE,BSE Main Board+BSE SME
CCME,CCME Global Ltd,173.17,514336,micro,BSE,BSE Main Board+BSE SME
ALANSCOTT,Alan Scott Enterprises Ltd,173.9,539115,micro,BSE,BSE Main Board+BSE SME
BALPHARMA,Bal Pharma Limited,174.02,524824,micro,NSE+BSE,BSE Main Board+BSE SME+NSE Main Board
CAPRIHANS,Caprihans India Ltd,174.03,509486,micro,BSE,BSE Main Board+BSE SME
SHAHALLOYS,Shah Alloys Limited,174.42,513436,micro,NSE+BSE,BSE Main Board+BSE SME+NSE Main Board
ATALREAL,Atal Realtech Limited,174.45,543911,micro,NSE+BSE,BSE Main Board+BSE SME+NSE Main Board
BROOKS,Brooks Laboratories Limited,174.74,533543,micro,NSE+BSE,BSE Main Board+BSE SME+NSE Main Board
NATCAPSUQ,Natural Capsules Limited,175.27,524654,micro,NSE+BSE,BSE Main Board+BSE SME+NSE Main Board
LASTMILE,Last Mile Enterprises Ltd,176.11,526961,micro,BSE,BSE Main Board+BSE SME
SMRUTHIORG,Smruthi Organics Ltd,176.67,540686,micro,BSE,BSE Main Board+BSE SME
ELFIN,Elfin Agro India Ltd,176.77,544724,micro,BSE,BSE Main Board+BSE SME
TEXMOPIPES,Texmo Pipes and Products Limited,176.78,533164,micro,NSE+BSE,BSE Main Board+BSE SME+NSE Main Board
CRESCENTIS,Crescentis Capital Ltd,176.94,511571,micro,BSE,BSE Main Board+BSE SME
DEL,Dhanashree Electronics Ltd,177.02,542679,micro,BSE,BSE Main Board+BSE SME
IPRINGLTD,IP Rings Limited,177.4,523638,micro,NSE+BSE,BSE Main Board+BSE SME+NSE Main Board
SANGAMFIN,Sangam Finserv Ltd,177.59,538714,micro,BSE,BSE Main Board+BSE SME
COROENGG,Coromandel Engineering Company Ltd,177.87,533167,micro,BSE,BSE Main Board+BSE SME
KREONFIN,Kreon Finnancial Services Ltd,178.3,530139,micro,BSE,BSE Main Board+BSE SME
RATHIST,Rathi Steel & Power Ltd,178.34,504903,micro,BSE,BSE Main Board+BSE SME
AJANTSOY,Ajanta Soya Ltd,178.35,519216,micro,BSE,BSE Main Board+BSE SME
FARMPEACE,Farm Peace Ltd,178.57,544905,micro,BSE,BSE Main Board+BSE SME
EARKART,Earkart Ltd,178.8,544549,micro,BSE,BSE Main Board+BSE SME
KINGSINFR,Kings Infra Ventures Ltd,178.89,530215,micro,BSE,BSE Main Board+BSE SME
ALPINEHOU,Alpine Housing Development Corporation Ltd,179.02,526519,micro,BSE,BSE Main Board+BSE SME
ESSENTIA,Integra Essentia Limited,179.04,535958,micro,NSE+BSE,BSE Main Board+BSE SME+NSE Main Board
KVTOYS,K. V. Toys India Ltd,179.48,544641,micro,BSE,BSE Main Board+BSE SME
SUPERHOUSE,Superhouse Limited,182.24,523283,micro,NSE+BSE,BSE Main Board+BSE SME+NSE Main Board
SHREYANIND,Shreyans Industries Limited,182.28,516016,micro,NSE+BSE,BSE Main Board+BSE SME+NSE Main Board
UMIYA-MRO,UMIYA BUILDCON LIMITED,182.49,532376,micro,NSE+BSE,BSE Main Board+BSE SME+NSE Main Board
KRATIKAL,Kratikal Tech Ltd,182.66,544811,micro,BSE,BSE Main Board+BSE SME
EMERGENT,Emergent Industrial Solutions Ltd,182.76,506180,micro,BSE,BSE Main Board+BSE SME
COMFINTE,Comfort Intech Limited,183.32,531216,micro,NSE+BSE,BSE Main Board+BSE SME+NSE Main Board
GLITTEKG,Glittek Granites Ltd,184.29,513528,micro,BSE,BSE Main Board+BSE SME
DRCSYSTEMS,DRC Systems India Limited,184.42,543268,micro,NSE+BSE,BSE Main Board+BSE SME+NSE Main Board
RAMAVISION,Rama Vision Ltd,185.48,523289,micro,BSE,BSE Main Board+BSE SME
WATERBASE,Waterbase Limited,185.55,523660,micro,NSE+BSE,BSE Main Board+BSE SME+NSE Main Board
BAROEXT,Baroda Extrusion Ltd,185.64,513502,micro,BSE,BSE Main Board+BSE SME
VIKASECO,Vikas EcoTech Limited,185.71,530961,micro,NSE+BSE,BSE Main Board+BSE SME+NSE Main Board
DHINDIA,D & H India Ltd,186.02,517514,micro,BSE,BSE Main Board+BSE SME
SHHARICH,Shree Hari Chemicals Export Ltd,186.04,524336,micro,BSE,BSE Main Board+BSE SME
QUESTFLOW,Quest Flow Controls Ltd,186.12,543982,micro,BSE,BSE Main Board+BSE SME
GTIL,Gabion Technologies India Ltd,186.59,544675,micro,BSE,BSE Main Board+BSE SME
GLOBALVECT,Global Vectra Helicorp Limited,186.9,532773,micro,NSE+BSE,BSE Main Board+BSE SME+NSE Main Board
ABANSENT,Abans Enterprises Limited,187.28,512165,micro,NSE+BSE,BSE Main Board+BSE SME+NSE Main Board
NIDHGRN,Nidhi Granites Ltd,187.4,512103,micro,BSE,BSE Main Board+BSE SME
ALPHAGEO,Alphageo (India) Limited,188.91,526397,micro,NSE+BSE,BSE Main Board+BSE SME+NSE Main Board
NANTA,Nanta Tech Ltd,188.92,544668,micro,BSE,BSE Main Board+BSE SME
CNINFOTECH,Capitalnumbers Infotech Ltd,188.99,544343,micro,BSE,BSE Main Board+BSE SME
ZODIACLOTH,Zodiac Clothing Company Limited,189.19,521163,micro,NSE+BSE,BSE Main Board+BSE SME+NSE Main Board
APOLLOFI,Apollo Finvest India Ltd,189.19,512437,micro,BSE,BSE Main Board+BSE SME
AJCJEWEL,AJC Jewel Manufacturers Ltd,189.3,544425,micro,BSE,BSE Main Board+BSE SME
TTL,T T Limited,190.12,514142,micro,NSE+BSE,BSE Main Board+BSE SME+NSE Main Board
KARBON,Karbonsteel Engineering Ltd,190.56,544511,micro,BSE,BSE Main Board+BSE SME
PANAENERG,Panasonic Energy India Company Ltd,190.76,504093,micro,BSE,BSE Main Board+BSE SME
APLAB,Aplab Ltd,190.96,517096,micro,BSE,BSE Main Board+BSE SME
BCONCEPTS,Brand Concepts Limited,190.97,543442,micro,NSE+BSE,BSE Main Board+BSE SME+NSE Main Board
KARTKIN,Kartik Investments Trust Ltd,191.19,501151,micro,BSE,BSE Main Board+BSE SME
ATHARVA,Atharva Poly-Plast Ltd,191.3,544812,micro,BSE,BSE Main Board+BSE SME
MACPLASQ,Machino Plastics Ltd,191.53,523248,micro,BSE,BSE Main Board+BSE SME
MNFL,Mother Nutri Foods Ltd,191.85,544623,micro,BSE,BSE Main Board+BSE SME
VIPCLOTHNG,VIP Clothing Limited,191.98,532613,micro,NSE+BSE,BSE Main Board+BSE SME+NSE Main Board
RIKHAV,Rikhav Securities Ltd,192.03,544340,micro,BSE,BSE Main Board+BSE SME
RADIXIND,Radix Industries (India) Ltd,192.54,531412,micro,BSE,BSE Main Board+BSE SME
SALSAIN,Shree Salasar Investments Ltd,192.74,503635,micro,BSE,BSE Main Board+BSE SME
EKI,EKI Energy Services Limited,193.03,543284,micro,NSE+BSE,BSE Main Board+BSE SME+NSE Main Board
INTENTECH,Intense Technologies Limited,193.43,532326,micro,NSE+BSE,BSE Main Board+BSE SME+NSE Main Board
SAVERA,Savera Industries Ltd,193.53,512634,micro,BSE,BSE Main Board+BSE SME
JUSTO,Justo Realfintech Ltd,193.62,544542,micro,BSE,BSE Main Board+BSE SME
AMRAPLIN,Amrapali Industries Ltd,193.72,526241,micro,BSE,BSE Main Board+BSE SME
LAKSELEC,Lakshmi Electrical Control Systems Ltd,193.74,504258,micro,BSE,BSE Main Board+BSE SME
TRADEUNO,Game Changers Texfab Ltd,194.58,544594,micro,BSE,BSE Main Board+BSE SME
ADCOUNTY,Adcounty Media India Ltd,194.64,544435,micro,BSE,BSE Main Board+BSE SME
PANCARBON,Panasonic Carbon India Company Ltd,194.98,508941,micro,BSE,BSE Main Board+BSE SME
JASCH,Jasch Industries Ltd,195.1,500220,micro,BSE,BSE Main Board+BSE SME
NTCIND,NTC Industries Limited,195.21,526723,micro,NSE+BSE,BSE Main Board+BSE SME+NSE Main Board
SHIVAM,Shivam Chemicals Ltd,195.27,544165,micro,BSE,BSE Main Board+BSE SME
LANDMARC,Landmarc Leisure Corporation Ltd,196.0,532275,micro,BSE,BSE Main Board+BSE SME
ROSSELLIND,Rossell India Limited,196.02,533168,micro,NSE+BSE,BSE Main Board+BSE SME+NSE Main Board
OXYGENTAPH,Oxygenta Pharmaceutical Ltd,196.2,524636,micro,BSE,BSE Main Board+BSE SME
AASHKA,Aashka Hospitals Ltd,196.56,543346,micro,BSE,BSE Main Board+BSE SME
MAXIMUS,Maximus International Ltd,196.57,540401,micro,BSE,BSE Main Board+BSE SME
JUJHARLOGI,Jujhar Logistics Ltd,196.58,534796,micro,BSE,BSE Main Board+BSE SME
JHACC,Jhaveri Credits & Capital Ltd,196.74,531550,micro,BSE,BSE Main Board+BSE SME
BAMBINO,Bambino Agro Industries Ltd,196.94,519295,micro,BSE,BSE Main Board+BSE SME
RRIL,RRIL Limited,196.97,531307,micro,NSE+BSE,BSE Main Board+BSE SME+NSE Main Board
RESONANCE,Resonance Specialties Ltd,197.4,524218,micro,BSE,BSE Main Board+BSE SME
CROPSTER,Cropster Agro Ltd,197.4,523105,micro,BSE,BSE Main Board+BSE SME
PARSHVA,Parshva Enterprises Ltd,197.68,542694,micro,BSE,BSE Main Board+BSE SME
AVIVA,Aviva Industries Ltd,197.92,512109,micro,BSE,BSE Main Board+BSE SME
HINDADH,Hindustan Adhesives Limited,198.03,514428,micro,NSE+BSE,BSE Main Board+BSE SME+NSE Main Board
NHCFOODS,NHC Foods Ltd,198.2,517554,micro,BSE,BSE Main Board+BSE SME
CUPIDALBV,Cupid Breweries And Distilleries Ltd,198.21,512361,micro,BSE,BSE Main Board+BSE SME
ALPINETEX,Alpine Texworld Limited,199.23,544825,micro,NSE+BSE,BSE Main Board+BSE SME+NSE Main Board
BASML,Bannari Amman Spinning Mills Limited,199.24,532674,micro,NSE+BSE,BSE Main Board+BSE SME+NSE Main Board
AFFORDABLE,Affordable Robotic & Automation Limited,199.45,541402,micro,NSE+BSE,BSE Main Board+BSE SME+NSE Main Board
INJECTO,Injecto Polymers Ltd,199.48,544930,micro,BSE,BSE Main Board+BSE SME
VIJSOLX,Vijay Solvex Limited,201.68,531069,micro,NSE+BSE,BSE Main Board+BSE SME+NSE Main Board
AARVI,Aarvi Encon Limited,201.88,544850,micro,NSE+BSE,BSE Main Board+BSE SME+NSE Main Board
AEIM,Artificial Electronics Intelligent Material Ltd,201.99,526443,micro,BSE,BSE Main Board+BSE SME
BALAJEE,Shree Tirupati Balajee Agro Trading Company Limited,202.21,544249,micro,NSE+BSE,BSE Main Board+BSE SME+NSE Main Board
SHAHLON,Shahlon Silk Industries Ltd,202.27,542862,micro,BSE,BSE Main Board+BSE SME
SHRIDINE,Shri Dinesh Mills Ltd,202.49,503804,micro,BSE,BSE Main Board+BSE SME
NECCLTD,North Eastern Carrying Corporation Limited,202.52,534615,micro,NSE+BSE,BSE Main Board+BSE SME+NSE Main Board
RUDRA,Rudra Global Infra Products Limited,203.0,539226,micro,NSE+BSE,BSE Main Board+BSE SME+NSE Main Board
GGAUTO,GG Automotive Gears Ltd,203.65,531399,micro,BSE,BSE Main Board+BSE SME
AUSOMENT,Ausom Enterprise Limited,203.81,509009,micro,NSE+BSE,BSE Main Board+BSE SME+NSE Main Board
NSL,Northern Spirits Ltd,203.85,542628,micro,BSE,BSE Main Board+BSE SME
BRPL,Bansal Roofing Products Ltd,204.41,538546,micro,BSE,BSE Main Board+BSE SME
ARCL,ARCL Organics Limited,204.52,543993,micro,NSE+BSE,BSE Main Board+BSE SME+NSE Main Board
RVTH,Revathi Equipment India Limited,205.32,544246,micro,NSE+BSE,BSE Main Board+BSE SME+NSE Main Board
ASMS,Avio Smart Market Stack Limited,205.59,532694,micro,NSE+BSE,BSE Main Board+BSE SME+NSE Main Board
CORALAB,Coral Laboratories Ltd,205.73,524506,micro,BSE,BSE Main Board+BSE SME
BGWTATO,Bhagwati Autocast Ltd,205.9,504646,micro,BSE,BSE Main Board+BSE SME
NEAGI,Neelamalai Agro Industries Limited,206.15,508670,micro,NSE+BSE,BSE Main Board+BSE SME+NSE Main Board
SICAGEN,Sicagen India Limited,206.17,533014,micro,NSE+BSE,BSE Main Board+BSE SME+NSE Main Board
ARCHIDPLY,Archidply Industries Limited,206.3,532994,micro,NSE+BSE,BSE Main Board+BSE SME+NSE Main Board
PATELSAI,Patels Airtemp India Ltd,206.61,517417,micro,BSE,BSE Main Board+BSE SME
ALANKIT,Alankit Limited,207.44,531082,micro,NSE+BSE,BSE Main Board+BSE SME+NSE Main Board
TAINWALCHM,Tainwala Chemical and Plastic (I) Limited,207.88,507785,micro,NSE+BSE,BSE Main Board+BSE SME+NSE Main Board
AIRAN,Airan Limited,208.53,543811,micro,NSE+BSE,BSE Main Board+BSE SME+NSE Main Board
RADIOCITY,Music Broadcast Limited,208.79,540366,micro,NSE+BSE,BSE Main Board+BSE SME+NSE Main Board
COSMOFE,Cosmo Ferrites Ltd,209.32,523100,micro,BSE,BSE Main Board+BSE SME
MADHAVIPL,Madhav Infra Projects Limited,209.73,539894,micro,NSE+BSE,BSE Main Board+BSE SME+NSE Main Board
SIGIND,Signet Industries Limited,209.89,512131,micro,NSE+BSE,BSE Main Board+BSE SME+NSE Main Board
SHIVATEX,Shiva Texyarn Limited,210.06,511108,micro,NSE+BSE,BSE Main Board+BSE SME+NSE Main Board
SRGHFL,SRG Housing Finance Limited,210.17,534680,micro,NSE+BSE,BSE Main Board+BSE SME+NSE Main Board
VSTL,Vibhor Steel Tubes Limited,210.2,544124,micro,NSE+BSE,BSE Main Board+BSE SME+NSE Main Board
SCAGRO,SC Agrotech Ltd,210.35,526081,micro,BSE,BSE Main Board+BSE SME
EXPOEAPL,Expo Engineering And Projects Ltd,210.48,526614,micro,BSE,BSE Main Board+BSE SME
MLKFOOD,Milkfood Limited,210.55,507621,micro,NSE+BSE,BSE Main Board+BSE SME+NSE Main Board
NOVELIX,Novelix Pharmaceuticals Ltd,211.34,536565,micro,BSE,BSE Main Board+BSE SME
CCHHL,Country Club Hospitality & Holidays Limited,211.52,526550,micro,NSE+BSE,BSE Main Board+BSE SME+NSE Main Board
JAYSYNTH,Jaysynth Orgochem Ltd,212.75,524592,micro,BSE,BSE Main Board+BSE SME
CENTEXT,Century Extrusions Limited,213.07,500083,micro,NSE+BSE,BSE Main Board+BSE SME+NSE Main Board
ASIIL,ASI Industries Ltd,213.66,502015,micro,BSE,BSE Main Board+BSE SME
ALFREDHE,Alfred Herbert India Limited,213.69,505216,micro,NSE+BSE,BSE Main Board+BSE SME+NSE Main Board
NECLIFE,Nectar Lifesciences Limited,214.27,532649,micro,NSE+BSE,BSE Main Board+BSE SME+NSE Main Board
ANL,Accretion Nutraveda Ltd,214.3,544694,micro,BSE,BSE Main Board+BSE SME
SANJIVIN,Sanjivani Paranteral Ltd,214.36,531569,micro,BSE,BSE Main Board+BSE SME
PIGL,Power & Instrumentation (Gujarat) Limited,214.4,543912,micro,NSE+BSE,BSE Main Board+BSE SME+NSE Main Board
HAMPTON,Hampton Sky Realty Limited,214.7,526407,micro,NSE+BSE,BSE Main Board+BSE SME+NSE Main Board
MULTIBASE,Multibase India Ltd,214.73,526169,micro,BSE,BSE Main Board+BSE SME
AMPL,AMPL Capital Ltd,215.24,539598,micro,BSE,BSE Main Board+BSE SME
NOVAAGRI,Nova Agritech Limited,215.57,544100,micro,NSE+BSE,BSE Main Board+BSE SME+NSE Main Board
GILLANDERS,Gillanders Arbuthnot & Company Limited,215.77,532716,micro,NSE+BSE,BSE Main Board+BSE SME+NSE Main Board
PAVNAIND,Pavna Industries Limited,216.13,543915,micro,NSE+BSE,BSE Main Board+BSE SME+NSE Main Board
SAMOR,Samor Reality Ltd,216.19,543376,micro,BSE,BSE Main Board+BSE SME
VAARAD,Vaarad Ventures Ltd,216.42,532320,micro,BSE,BSE Main Board+BSE SME
SPITZE,Maruti Interior Products Ltd,216.81,543464,micro,BSE,BSE Main Board+BSE SME
SAKHTISUG,Sakthi Sugars Limited,216.9,507315,micro,NSE+BSE,BSE Main Board+BSE SME+NSE Main Board
PRIMEFRESH,Prime Fresh Ltd,217.32,540404,micro,BSE,BSE Main Board+BSE SME
RANASUG,Rana Sugars Limited,217.91,507490,micro,NSE+BSE,BSE Main Board+BSE SME+NSE Main Board
WAAREE,Waaree Technologies Ltd,218.05,539337,micro,BSE,BSE Main Board+BSE SME
TEAMGTY,Team India Guaranty Limited,218.44,511559,micro,NSE+BSE,BSE Main Board+BSE SME+NSE Main Board
SURANAT&P,Surana Telecom and Power Limited,218.57,517530,micro,NSE+BSE,BSE Main Board+BSE SME+NSE Main Board
PRARUH,Praruh Technologies Ltd,218.7,544538,micro,BSE,BSE Main Board+BSE SME
GOLDTECH,AION-TECH SOLUTIONS LIMITED,218.72,531439,micro,NSE+BSE,BSE Main Board+BSE SME+NSE Main Board
SGFRL,Suyog Gurbaxani Funicular Ropeways Ltd,218.79,543391,micro,BSE,BSE Main Board+BSE SME
BPL,BPL Limited,219.41,500074,micro,NSE+BSE,BSE Main Board+BSE SME+NSE Main Board
DIKSAT,Diksat Transworld Ltd,219.46,540151,micro,BSE,BSE Main Board+BSE SME
STHINPA,South India Paper Mills Ltd,220.5,516108,micro,BSE,BSE Main Board+BSE SME
KERALAYUR,Kerala Ayurveda Ltd,220.72,530163,micro,BSE,BSE Main Board+BSE SME
SETCO,Setco Automotive Limited,221.92,505075,micro,NSE+BSE,BSE Main Board+BSE SME+NSE Main Board
EMERALD,Emerald Finance Ltd,222.13,538882,micro,BSE,BSE Main Board+BSE SME
ESPIRE,Espire Hospitality Limited,222.27,532016,micro,BSE,BSE Main Board+BSE SME
INNOVATORS,Innovators Facade Systems Ltd,222.45,541353,micro,BSE,BSE Main Board+BSE SME
ZEELEARN,Zee Learn Limited,222.53,533287,micro,NSE+BSE,BSE Main Board+BSE SME+NSE Main Board
7SEASL,7Seas Entertainment Ltd,222.8,540874,micro,BSE,BSE Main Board+BSE SME
SMARTLINK,Smartlink Holdings Limited,223.34,532419,micro,NSE+BSE,BSE Main Board+BSE SME+NSE Main Board
GOLKUNDIA,Golkunda Diamonds & Jewellery Ltd,223.34,523676,micro,BSE,BSE Main Board+BSE SME
IWP,The Indian Wood Products Company Limited,225.38,540954,micro,NSE+BSE,BSE Main Board+BSE SME+NSE Main Board
GENCON,Generic Engineering Construction and Projects Limited,226.01,539407,micro,NSE+BSE,BSE Main Board+BSE SME+NSE Main Board
DPWIRES,D P Wires Limited,226.38,543962,micro,NSE+BSE,BSE Main Board+BSE SME+NSE Main Board
RMC,RMC Switchgears Limited,228.46,540358,micro,NSE+BSE,BSE Main Board+BSE SME+NSE Main Board
WORTHPERI,Worth Peripherals Limited,229.65,544577,micro,NSE+BSE,BSE Main Board+BSE SME+NSE Main Board
NATIONSTD,National Standard (India) Limited,229.9,504882,micro,NSE+BSE,BSE Main Board+BSE SME+NSE Main Board
IVP,IVP Limited,230.02,507580,micro,NSE+BSE,BSE Main Board+BSE SME+NSE Main Board
ADON,Adon Agro Commodities Ltd,230.17,544809,micro,BSE,BSE Main Board+BSE SME
VIKASLIFE,Vikas Lifecare Limited,230.35,542655,micro,NSE+BSE,BSE Main Board+BSE SME+NSE Main Board
ITCONS,ITCONS E-Solutions Ltd,230.43,543806,micro,BSE,BSE Main Board+BSE SME
ECOPLAST,Ecoplast Ltd,231.07,526703,micro,BSE,BSE Main Board+BSE SME
PSCELESTIA,PropShare Celestia,231.95,544752,micro,BSE,BSE SME
MANAKALUCO,Manaksia Aluminium Company Limited,232.65,539045,micro,NSE+BSE,BSE Main Board+BSE SME+NSE Main Board
STARTECK,Starteck Finance Limited,232.89,512381,micro,NSE+BSE,BSE Main Board+BSE SME+NSE Main Board
BTTL,Bhilwara Technical Textiles Limited,233.49,533108,micro,NSE+BSE,BSE Main Board+BSE SME+NSE Main Board
GENNEX,Gennex Laboratories Ltd,233.82,531739,micro,BSE,BSE Main Board+BSE SME
SAHLIBHFI,Shalibhadra Finance Limited,234.54,511754,micro,NSE+BSE,BSE Main Board+BSE SME+NSE Main Board
COMPEAU,Competent Automobiles Company Limited,234.59,531041,micro,NSE+BSE,BSE Main Board+BSE SME+NSE Main Board
ALSL,Alacrity Securities Ltd,234.7,535916,micro,BSE,BSE Main Board+BSE SME
MARALOVER,Maral Overseas Limited,235.06,521018,micro,NSE+BSE,BSE Main Board+BSE SME+NSE Main Board
KHADIM,Khadim India Limited,235.24,540775,micro,NSE+BSE,BSE Main Board+BSE SME+NSE Main Board
TELGE,Telge Projects Ltd,235.31,544544,micro,BSE,BSE Main Board+BSE SME
ITHL,International Travel House Ltd,236.88,500213,micro,BSE,BSE Main Board+BSE SME
WARDWIZFBL,Wardwizard Foods and Beverages Ltd,237.34,539132,micro,BSE,BSE Main Board+BSE SME
UFO,UFO Moviez India Limited,237.57,539141,micro,NSE+BSE,BSE Main Board+BSE SME+NSE Main Board
RATNABHUMI,Ratnabhumi Developers Ltd,238.38,540796,micro,BSE,BSE Main Board+BSE SME
NIPPOBATRY,Indo-National Limited,238.5,504058,micro,NSE+BSE,BSE Main Board+BSE SME+NSE Main Board
RNBDENIMS,R&B Denims Limited,238.88,538119,micro,NSE+BSE,BSE Main Board+BSE SME+NSE Main Board
FCSSOFT,FCS Software Solutions Limited,239.34,532666,micro,NSE+BSE,BSE Main Board+BSE SME+NSE Main Board
COCHINM,Cochin Minerals & Rutiles Ltd,239.4,513353,micro,BSE,BSE Main Board+BSE SME
VGIL,Veer Global Infraconstruction Ltd,239.46,543241,micro,BSE,BSE Main Board+BSE SME
SAKUMA,Sakuma Exports Limited,239.86,532713,micro,NSE+BSE,BSE Main Board+BSE SME+NSE Main Board
TRF,TRF Limited,239.91,505854,micro,NSE+BSE,BSE Main Board+BSE SME+NSE Main Board
GUJJUBHAI,Gujjubhai Industries Ltd,239.96,532070,micro,BSE,BSE Main Board+BSE SME
SHIVAMAUTO,Shivam Autotech Limited,239.98,532776,micro,NSE+BSE,BSE Main Board+BSE SME+NSE Main Board
EVERESTO,Everest Organics Ltd,240.0,524790,micro,BSE,BSE Main Board+BSE SME
LOTUSEYE,Lotus Eye Hospital and Institute Limited,240.2,532998,micro,NSE+BSE,BSE Main Board+BSE SME+NSE Main Board
VMSTMT,VMS TMT Limited,240.22,544521,micro,NSE+BSE,BSE Main Board+BSE SME+NSE Main Board
SSDL,Saraswati Saree Depot Limited,240.29,544230,micro,NSE+BSE,BSE Main Board+BSE SME+NSE Main Board
DSFCL,DCM Shriram Fine Chemicals Limited,240.53,544703,micro,NSE+BSE,BSE Main Board+BSE SME+NSE Main Board
STARPAPER,Star Paper Mills Limited,241.93,516022,micro,NSE+BSE,BSE Main Board+BSE SME+NSE Main Board
AHMDSTE,Ahmedabad Steelcraft Ltd,242.23,522273,micro,BSE,BSE Main Board+BSE SME
JATTAINDUS,Jattashankar Industries Ltd,242.91,514318,micro,BSE,BSE Main Board+BSE SME
BHARATROHAN,Bharatrohan Airborne Innovations Ltd,243.06,544535,micro,BSE,BSE Main Board+BSE SME
TAKE,TAKE Limited,243.8,532890,micro,NSE+BSE,BSE Main Board+BSE SME+NSE Main Board
AHLEAST,Asian Hotels (East) Limited,243.81,533227,micro,NSE+BSE,BSE Main Board+BSE SME+NSE Main Board
INDTONER,Indian Toners & Developers Ltd,243.95,523586,micro,BSE,BSE Main Board+BSE SME
NITINCAST,Nitin Castings Ltd,244.16,508875,micro,BSE,BSE Main Board+BSE SME
MITSU,Mitsu Chem Plast Ltd,244.19,540078,micro,BSE,BSE Main Board+BSE SME
AVEER,Aveer Foods Ltd,246.89,543737,micro,BSE,BSE Main Board+BSE SME
IVC,IL&FS Investment Managers Limited,247.14,511208,micro,NSE+BSE,BSE Main Board+BSE SME+NSE Main Board
NAGPI,Nagpur Power & Industries Ltd,247.44,532362,micro,BSE,BSE Main Board+BSE SME
RVHL,Ravinder Heights Limited,247.45,543251,micro,NSE+BSE,BSE Main Board+BSE SME+NSE Main Board
DAICHI,Dai-Ichi Karkaria Limited,248.13,526821,micro,NSE+BSE,BSE Main Board+BSE SME+NSE Main Board
MERCANTILE,Mercantile Ventures Limited,249.58,538942,micro,NSE+BSE,BSE Main Board+BSE SME+NSE Main Board
EQUIPPP,Equippp Social Impact Technologies Limited,249.9,590057,micro,NSE+BSE,BSE Main Board+BSE SME+NSE Main Board
QUESTCAP,Quest Capital Markets Ltd,250.0,500069,micro,BSE,BSE Main Board+BSE SME
SAPPL,Shree Ajit Pulp & Paper Limited,250.48,538795,micro,NSE+BSE,BSE Main Board+BSE SME+NSE Main Board
BIMETAL,Bimetal Bearings Limited,250.54,505681,micro,NSE+BSE,BSE Main Board+BSE SME+NSE Main Board
PGFOILQ,PG Foils Ltd,251.35,526747,micro,BSE,BSE Main Board+BSE SME
RCOM,Reliance Communications Limited,251.66,532712,micro,NSE+BSE,BSE Main Board+BSE SME+NSE Main Board
HANNAH,Hannah Joseph Hospital Ltd,251.95,544687,micro,BSE,BSE Main Board+BSE SME
CHEMKART,Chemkart India Ltd,252.14,544442,micro,BSE,BSE Main Board+BSE SME
GLOBECIVIL,Globe Civil Projects Limited,252.37,544424,micro,NSE+BSE,BSE Main Board+BSE SME+NSE Main Board
CHEMBOND,Chembond Material Technologies Limited,252.56,530871,micro,NSE+BSE,BSE Main Board+BSE SME+NSE Main Board
KAYCEEI,Kaycee Industries Ltd,252.63,504084,micro,BSE,BSE Main Board+BSE SME
LAXMIPATI,Laxmipati Engineering Works Ltd,253.09,537669,micro,BSE,BSE Main Board+BSE SME
SPENCERS,Spencer's Retail Limited,253.27,542337,micro,NSE+BSE,BSE Main Board+BSE SME+NSE Main Board
PRITIKAUTO,Pritika Auto Industries Limited,253.43,539359,micro,NSE+BSE,BSE Main Board+BSE SME+NSE Main Board
JGTL,Jasch Gauging Technologies Ltd,253.66,544112,micro,BSE,BSE Main Board+BSE SME
UVDRHOR,United Van Der Horst Ltd,254.78,522091,micro,BSE,BSE Main Board+BSE SME
SHIVTEXCHEM,Shiv Texchem Ltd,255.13,544272,micro,BSE,BSE Main Board+BSE SME
INTEGFD,Integrated Proteins Ltd,255.16,519606,micro,BSE,BSE Main Board+BSE SME
LANCORHOL,Lancor Holdings Limited,255.22,509048,micro,NSE+BSE,BSE Main Board+BSE SME+NSE Main Board
SIMMOND,Simmonds Marshall Ltd,255.25,507998,micro,BSE,BSE Main Board+BSE SME
DIAMINESQ,Diamines & Chemicals Limited,255.26,500120,micro,NSE+BSE,BSE Main Board+BSE SME+NSE Main Board
BI,Bilcare Limited,256.01,526853,micro,NSE+BSE,BSE Main Board+BSE SME+NSE Main Board
CHATHA,Chatha Foods Ltd,256.36,544151,micro,BSE,BSE Main Board+BSE SME
RSTL,Riddhi Steel and Tube Ltd,256.42,540082,micro,BSE,BSE Main Board+BSE SME
GRAVISSHO,Graviss Hospitality Limited,256.9,509546,micro,NSE+BSE,BSE Main Board+BSE SME+NSE Main Board
SRD,Shankar Lal Rampal Dye-Chem Limited,257.08,542232,micro,NSE+BSE,BSE Main Board+BSE SME+NSE Main Board
COASTCORP,Coastal Corporation Limited,259.78,501831,micro,NSE+BSE,BSE Main Board+BSE SME+NSE Main Board
SHPLPUNE,Sayaji Hotels (Pune) Ltd,259.88,544090,micro,BSE,BSE Main Board+BSE SME
NILAINFRA,Nila Infrastructures Limited,259.97,530377,micro,NSE+BSE,BSE Main Board+BSE SME+NSE Main Board
PATELCHEM,Patel Chem Specialities Ltd,260.02,544460,micro,BSE,BSE Main Board+BSE SME
ACESOFT,ACE Software Exports Ltd,260.35,531525,micro,BSE,BSE Main Board+BSE SME
JAYSREETEA,Jayshree Tea & Industries Limited,260.62,509715,micro,NSE+BSE,BSE Main Board+BSE SME+NSE Main Board
INDGELA,India Gelatine & Chemicals Ltd,261.0,531253,micro,BSE,BSE Main Board+BSE SME
KDML,Khemani Distributors & Marketing Ltd,261.1,539788,micro,BSE,BSE Main Board+BSE SME
GRERENEW,GRE Renew Enertech Ltd,261.47,544682,micro,BSE,BSE Main Board+BSE SME
OVOBELE,Ovobel Foods Ltd,261.6,530741,micro,BSE,BSE Main Board+BSE SME
HOCL,Hindustan Organic Chemicals Ltd,261.98,500449,micro,BSE,BSE Main Board+BSE SME
JOSTS,Josts Engineering Company Ltd,262.14,505750,micro,BSE,BSE Main Board+BSE SME
A2ZINFRA,A2Z Infra Engineering Limited,262.73,533292,micro,NSE+BSE,BSE Main Board+BSE SME+NSE Main Board
ACEALPHA,Ace Alpha Tech Ltd,263.37,544431,micro,BSE,BSE Main Board+BSE SME
KISAN,Kisan Mouldings Ltd,264.01,530145,micro,BSE,BSE Main Board+BSE SME
LOGICA,Logica Infoway Ltd,264.03,543746,micro,BSE,BSE Main Board+BSE SME
EMPOWER,Empower India Limited,264.18,504351,micro,NSE+BSE,BSE Main Board+BSE SME+NSE Main Board
PLAZACABLE,Plaza Wires Limited,264.96,544003,micro,NSE+BSE,BSE Main Board+BSE SME+NSE Main Board
GAMCO,Gamco Ltd,265.02,540097,micro,BSE,BSE Main Board+BSE SME
MKEXIM,M.K. Exim (India) Limited,265.21,538890,micro,NSE+BSE,BSE Main Board+BSE SME+NSE Main Board
KMSUGAR,K.M.Sugar Mills Limited,265.88,532673,micro,NSE+BSE,BSE Main Board+BSE SME+NSE Main Board
RPPINFRA,R.P.P. Infra Projects Limited,267.04,533284,micro,NSE+BSE,BSE Main Board+BSE SME+NSE Main Board
SOMATEX,Soma Textiles & Industries Limited,267.4,521034,micro,NSE+BSE,BSE Main Board+BSE SME+NSE Main Board
AMEENJI,Ameenji Rubber Ltd,268.46,544555,micro,BSE,BSE Main Board+BSE SME
HORIZON,Horizon Reclaim (India) Ltd,269.12,544794,micro,BSE,BSE Main Board+BSE SME
DJML,DJ Mediaprint & Logistics Limited,269.42,543193,micro,NSE+BSE,BSE Main Board+BSE SME+NSE Main Board
TIGERLOGS,Tiger Logistics (India) Limited,270.87,536264,micro,NSE+BSE,BSE Main Board+BSE SME+NSE Main Board
MADALA,Madala Holdings Ltd,271.58,532344,micro,BSE,BSE Main Board+BSE SME
PRECISIO,Precision Electronics Ltd,272.26,517258,micro,BSE,BSE Main Board+BSE SME
ZENOTECH,Zenotech Laboratories Ltd,273.66,532039,micro,BSE,BSE Main Board+BSE SME
ORGANICREC,Organic Recycling Systems Ltd,273.76,543997,micro,BSE,BSE Main Board+BSE SME
VETO,Veto Switchgears And Cables Limited,274.2,539331,micro,NSE+BSE,BSE Main Board+BSE SME+NSE Main Board
RUDRAECO,Rudra Ecovation Ltd,275.65,514010,micro,BSE,BSE Main Board+BSE SME
CITIZEN,Citizen Solar Ltd,276.44,538786,micro,BSE,BSE Main Board+BSE SME
APCL,Anjani Portland Cement Limited,276.53,518091,micro,NSE+BSE,BSE Main Board+BSE SME+NSE Main Board
SOLARIUM,Solarium Green Energy Ltd,278.41,544354,micro,BSE,BSE Main Board+BSE SME
SPICEISLIN,Spice Islands Industries Ltd,278.47,526827,micro,BSE,BSE Main Board+BSE SME
HIKLASS,Hi-Klass Trading and Investment Ltd,278.63,542332,micro,BSE,BSE Main Board+BSE SME
SUNDRMBRAK,Sundaram Brake Linings Limited,278.96,590072,micro,NSE+BSE,BSE Main Board+BSE SME+NSE Main Board
BOMOXY-B1,Bombay Oxygen Investments Ltd,279.0,509470,micro,BSE,BSE Main Board+BSE SME
EXXARO,Exxaro Tiles Limited,279.18,543327,micro,NSE+BSE,BSE Main Board+BSE SME+NSE Main Board
MAHEPC,Mahindra EPC Irrigation Limited,279.93,523754,micro,NSE+BSE,BSE Main Board+BSE SME+NSE Main Board
SURJIND,Suraj Industries Ltd,281.01,526211,micro,BSE,BSE Main Board+BSE SME
BDH,BDH Industries Ltd,282.08,524828,micro,BSE,BSE Main Board+BSE SME
PQIF,Polo Queen Industrial and Fintech Ltd,282.37,540717,micro,BSE,BSE Main Board+BSE SME
SUDTIND-B,Suditi Industries Ltd,282.76,521113,micro,BSE,BSE Main Board+BSE SME
MEDICO,Medico Remedies Limited,282.98,540937,micro,NSE+BSE,BSE Main Board+BSE SME+NSE Main Board
CMBL,Corporate Merchant Bankers Ltd,283.54,540199,micro,BSE,BSE Main Board+BSE SME
VARDMNPOLY,Vardhman Polytex Limited,284.02,514175,micro,NSE+BSE,BSE Main Board+BSE SME+NSE Main Board
CPCAP,CP Capital Limited,284.17,533260,micro,NSE+BSE,BSE Main Board+BSE SME+NSE Main Board
SHAWGELTIN,Narmada Gelatines Ltd,284.3,526739,micro,BSE,BSE Main Board+BSE SME
HIMTEK,Him Teknoforge Ltd,284.77,505712,micro,BSE,BSE Main Board+BSE SME
NATFIT,National Fittings Ltd,285.39,531289,micro,BSE,BSE Main Board+BSE SME
DYNPRO,Dynemic Products Limited,285.92,532707,micro,NSE+BSE,BSE Main Board+BSE SME+NSE Main Board
SSPRL,Silverstorm Parks And Resorts Ltd,286.07,544840,micro,BSE,BSE Main Board+BSE SME
SURAJ,Suraj Products Ltd,286.14,518075,micro,BSE,BSE Main Board+BSE SME
BARODARY,Baroda Rayon Corporation Ltd,286.39,500270,micro,BSE,BSE Main Board+BSE SME
RDBRL,RDB Rasayans Ltd,287.16,533608,micro,BSE,BSE Main Board+BSE SME
NATHBIOGEN,Nath Bio-Genes (India) Limited,288.86,537291,micro,NSE+BSE,BSE Main Board+BSE SME+NSE Main Board
ATLANTAA,ATLANTAA LIMITED,289.0,532759,micro,NSE+BSE,BSE Main Board+BSE SME+NSE Main Board
AAREYDRUGS,Aarey Drugs & Pharmaceuticals Limited,289.38,524412,micro,NSE+BSE,BSE Main Board+BSE SME+NSE Main Board
GALXBRG,Galaxy Bearings Ltd,290.54,526073,micro,BSE,BSE Main Board+BSE SME
SVGLOBAL,S V Global Mill Limited,290.95,535621,micro,NSE+BSE,BSE Main Board+BSE SME+NSE Main Board
HINDMOTORS,Hindustan Motors Ltd,291.08,500500,micro,BSE,BSE Main Board+BSE SME
ADMACH,Admach Systems Ltd,291.23,544669,micro,BSE,BSE Main Board+BSE SME
INDUSFINL,Indus Finance Ltd,291.36,531841,micro,BSE,BSE Main Board+BSE SME
SAYAJIIND,Sayaji Industries Limited,291.48,540728,micro,NSE+BSE,BSE Main Board+BSE SME+NSE Main Board
OMFREIGHT,Om Freight Forwarders Limited,292.1,544564,micro,NSE+BSE,BSE Main Board+BSE SME+NSE Main Board
TAMBOLIIN,Tamboli Industries Limited,292.59,533170,micro,NSE+BSE,BSE Main Board+BSE SME+NSE Main Board
GENUSPAPER,Genus Paper & Boards Limited,293.12,538961,micro,NSE+BSE,BSE Main Board+BSE SME+NSE Main Board
A1L,A-1 Ltd,293.94,542012,micro,BSE,BSE Main Board+BSE SME
VIJIFIN,Viji Finance Limited,294.91,537820,micro,NSE+BSE,BSE Main Board+BSE SME+NSE Main Board
SAB,SAB Industries Limited,295.68,539112,micro,NSE+BSE,BSE Main Board+BSE SME+NSE Main Board
INFINITY,Infinity Infoway Ltd,296.1,544567,micro,BSE,BSE Main Board+BSE SME
AMBALALSA,Ambalal Sarabhai Enterprises Limited,296.26,500009,micro,NSE+BSE,BSE Main Board+BSE SME+NSE Main Board
LIKHAMI,Likhami Consulting Ltd,297.41,539927,micro,BSE,BSE Main Board+BSE SME
SANCODE,Sancode Technologies Ltd,298.0,543897,micro,BSE,BSE Main Board+BSE SME
GLEN,Glen Industries Ltd,298.36,544444,micro,BSE,BSE Main Board+BSE SME
BHAVIK,Bhavik Enterprises Ltd,299.26,544551,micro,BSE,BSE Main Board+BSE SME
NUTRICIRCLE,Nutricircle Ltd,299.7,530219,micro,BSE,BSE Main Board+BSE SME
INDAG,Indag Rubber Ltd,300.17,509162,micro,BSE,BSE Main Board+BSE SME
MODIRUBBER,Modi Rubber Limited,300.61,500890,micro,NSE+BSE,BSE Main Board+BSE SME+NSE Main Board
OMG,Om Galaxy Ltd,300.9,544922,micro,BSE,BSE Main Board+BSE SME
CLEDUCATE,CL Educate Limited,301.05,540403,micro,NSE+BSE,BSE Main Board+BSE SME+NSE Main Board
SWASTIKA,Swastika Investmart Ltd,301.38,530585,micro,BSE,BSE Main Board+BSE SME
ALPHALOGIC,Alphalogic Techsys Ltd,302.3,542770,micro,BSE,BSE Main Board+BSE SME
EKANSH,Ekansh Concepts Ltd,303.08,531364,micro,BSE,BSE Main Board+BSE SME
UVS,UVS Hospitality And Services Ltd,304.83,531652,micro,BSE,BSE Main Board+BSE SME
ASHIMASYN,Ashima Limited,305.12,514286,micro,NSE+BSE,BSE Main Board+BSE SME+NSE Main Board
PONNIERODE,Ponni Sugars (Erode) Limited,305.33,532460,micro,NSE+BSE,BSE Main Board+BSE SME+NSE Main Board
RHL,Robust Hotels Limited,306.06,543901,micro,NSE+BSE,BSE Main Board+BSE SME+NSE Main Board
AXITA,Axita Cotton Limited,306.14,542285,micro,NSE+BSE,BSE Main Board+BSE SME+NSE Main Board
NCML,Nilachal Carbo Metalicks Ltd,306.6,544510,micro,BSE,BSE Main Board+BSE SME
DAVANGERE,Davangere Sugar Company Limited,307.45,543267,micro,NSE+BSE,BSE Main Board+BSE SME+NSE Main Board
LYKALABS,Lyka Labs Limited,307.51,500259,micro,NSE+BSE,BSE Main Board+BSE SME+NSE Main Board
PODDARMENT,Poddar Pigments Limited,307.69,524570,micro,NSE+BSE,BSE Main Board+BSE SME+NSE Main Board
ASTALLTD,Astal Laboratories Ltd,307.86,512600,micro,BSE,BSE Main Board+BSE SME
LESL,Leapfrog Engineering Services Ltd,308.68,544797,micro,BSE,BSE Main Board+BSE SME
TIERRA,Tierra Agrotech Ltd,308.95,543531,micro,BSE,BSE Main Board+BSE SME
KAKA,Kaka Industries Ltd,309.26,543939,micro,BSE,BSE Main Board+BSE SME
CINELINE,Cineline India Limited,309.91,532807,micro,NSE+BSE,BSE Main Board+BSE SME+NSE Main Board
GENUSPRIME,Genus Prime Infra Ltd,310.51,532425,micro,BSE,BSE Main Board+BSE SME
TERASOFT,Tera Software Limited,310.54,533982,micro,NSE+BSE,BSE Main Board+BSE SME+NSE Main Board
MEGASTAR,Megastar Foods Limited,310.63,541352,micro,NSE+BSE,BSE Main Board+BSE SME+NSE Main Board
HILINFRA,Highway Infrastructure Limited,310.91,544477,micro,NSE+BSE,BSE Main Board+BSE SME+NSE Main Board
OMNITEX,Omnitex Industries India Ltd,311.06,514324,micro,BSE,BSE Main Board+BSE SME
ACLD,Aelea Commodities Ltd,311.85,544213,micro,BSE,BSE Main Board+BSE SME
GULFPETRO,GP Petroleums Limited,312.23,532543,micro,NSE+BSE,BSE Main Board+BSE SME+NSE Main Board
SCANSTL,Scan Steels Limited,313.33,511672,micro,NSE+BSE,BSE Main Board+BSE SME+NSE Main Board
KRITI,Kriti Industries (India) Limited,313.33,526423,micro,NSE+BSE,BSE Main Board+BSE SME+NSE Main Board
AVG,AVG Logistics Limited,316.54,543910,micro,NSE+BSE,BSE Main Board+BSE SME+NSE Main Board
KWICK,Kwick Forensic Solutions Ltd,317.0,544895,micro,BSE,BSE Main Board+BSE SME
REMIEDEL,Remi Edelstahl Tubulars Ltd,317.19,513043,micro,BSE,BSE Main Board+BSE SME
TALBROSENG,Talbros Engineering Ltd,317.43,538987,micro,BSE,BSE Main Board+BSE SME
NOVUS,Novus Loyalty Ltd,317.85,544735,micro,BSE,BSE Main Board+BSE SME
SBECSUG,SBEC Sugar Ltd,319.28,532102,micro,BSE,BSE Main Board+BSE SME
FUNDVISER,Fundviser Capital (India) Ltd,319.95,530197,micro,BSE,BSE Main Board+BSE SME
UCAL,UCAL LIMITED,320.87,500464,micro,NSE+BSE,BSE Main Board+BSE SME+NSE Main Board
GTV,GTV Engineering Ltd,322.13,539479,micro,BSE,BSE Main Board+BSE SME
ALMONDZ,Almondz Global Securities Limited,322.17,531400,micro,NSE+BSE,BSE Main Board+BSE SME+NSE Main Board
TREJHARA,TREJHARA SOLUTIONS LIMITED,322.32,542233,micro,NSE+BSE,BSE Main Board+BSE SME+NSE Main Board
NURECA,Nureca Limited,323.57,543264,micro,NSE+BSE,BSE Main Board+BSE SME+NSE Main Board
SHAH,Shah Metacorp Limited,324.18,533275,micro,NSE+BSE,BSE Main Board+BSE SME+NSE Main Board
DBEIL,Deepak Builders & Engineers India Limited,325.13,544276,micro,NSE+BSE,BSE Main Board+BSE SME+NSE Main Board
RUCHIRA,Ruchira Papers Limited,325.61,532785,micro,NSE+BSE,BSE Main Board+BSE SME+NSE Main Board
IITL,Industrial Investment Trust Limited,325.81,501295,micro,NSE+BSE,BSE Main Board+BSE SME+NSE Main Board
PHCAP,PH Capital Ltd,326.68,500143,micro,BSE,BSE Main Board+BSE SME
AASTHA,Aastha Spintex Limited,328.11,544808,micro,NSE+BSE,BSE Main Board+BSE SME+NSE Main Board
HARRMALAYA,Harrisons  Malayalam Limited,328.23,500467,micro,NSE+BSE,BSE Main Board+BSE SME+NSE Main Board
DCMSRIND,DCM Shriram Industries Limited,329.96,523369,micro,NSE+BSE,BSE Main Board+BSE SME+NSE Main Board
HPAL,HP Adhesives Limited,330.29,543433,micro,NSE+BSE,BSE Main Board+BSE SME+NSE Main Board
AKSHARCHEM,AksharChem India Limited,330.36,524598,micro,NSE+BSE,BSE Main Board+BSE SME+NSE Main Board
DEVX,Dev Accelerator Limited,330.55,544513,micro,NSE+BSE,BSE Main Board+BSE SME+NSE Main Board
VEGA,Vega Jewellers Ltd,330.93,512026,micro,BSE,BSE Main Board+BSE SME
CPEDU,Career Point Edutech Limited,332.11,544499,micro,NSE+BSE,BSE Main Board+BSE SME+NSE Main Board
STOVACQ,Stovec Industries Ltd,332.21,504959,micro,BSE,BSE Main Board+BSE SME
BEDMUTHA,Bedmutha Industries Limited,332.32,533270,micro,NSE+BSE,BSE Main Board+BSE SME+NSE Main Board
NPL,National Peroxide Ltd,333.33,544205,micro,BSE,BSE Main Board+BSE SME
KCPSUGIND,KCP Sugar and Industries Corporation Limited,333.35,533192,micro,NSE+BSE,BSE Main Board+BSE SME+NSE Main Board
VVIPIL,VVIP Infratech Ltd,333.84,544219,micro,BSE,BSE Main Board+BSE SME
ESSARSHPNG,Essar Shipping Limited,334.06,533704,micro,NSE+BSE,BSE Main Board+BSE SME+NSE Main Board
MACHLTD,Mach Travel Solutions Ltd,334.49,544248,micro,BSE,BSE Main Board+BSE SME
ISTRNETWK,iStreet Network Ltd,334.66,524622,micro,BSE,BSE Main Board+BSE SME
DCMNVL,DCM Nouvelle Limited,334.8,542729,micro,NSE+BSE,BSE Main Board+BSE SME+NSE Main Board
MONIKA,Monika Alcobev Ltd,335.05,544451,micro,BSE,BSE Main Board+BSE SME
REMSONSIND,Remsons Industries Limited,335.74,530919,micro,NSE+BSE,BSE Main Board+BSE SME+NSE Main Board
JAYUSH,Jay Ushin Ltd,336.11,513252,micro,BSE,BSE Main Board+BSE SME
LUDLOWJUT,Ludlow Jute & Specialities Ltd,337.04,526179,micro,BSE,BSE Main Board+BSE SME
DREAMFOLKS,Dreamfolks Services Limited,337.57,543591,micro,NSE+BSE,BSE Main Board+BSE SME+NSE Main Board
PPAP,PPAP Automotive Limited,337.62,532934,micro,NSE+BSE,BSE Main Board+BSE SME+NSE Main Board
MISHTANN,Mishtann Foods Ltd,338.37,539594,micro,BSE,BSE Main Board+BSE SME
SWISSMLTRY,Swiss Military Consumer Goods Limited,338.39,523558,micro,NSE+BSE,BSE Main Board+BSE SME+NSE Main Board
AGRIBIO,Agribio Spirits Ltd,339.64,539546,micro,BSE,BSE Main Board+BSE SME
ASARFI,Asarfi Hospital Ltd,340.22,543943,micro,BSE,BSE Main Board+BSE SME
SHEMAROO,Shemaroo Entertainment Limited,340.45,538685,micro,NSE+BSE,BSE Main Board+BSE SME+NSE Main Board
TRACXN,Tracxn Technologies Limited,340.54,543638,micro,NSE+BSE,BSE Main Board+BSE SME+NSE Main Board
COVANCE,Covance Softsol Ltd,342.15,544361,micro,BSE,BSE Main Board+BSE SME
MBLINFRA,MBL Infrastructure Limited,342.93,533152,micro,NSE+BSE,BSE Main Board+BSE SME+NSE Main Board
RGIL,Rotographics (India) Ltd,343.58,539922,micro,BSE,BSE Main Board+BSE SME
RDBIPL,RDB Infrastructure And Power Ltd,343.78,533285,micro,BSE,BSE Main Board+BSE SME
RAGHUSYN,Raghuvir Synthetics Ltd,344.88,514316,micro,BSE,BSE Main Board+BSE SME
ANNU,Annu Projects Limited,345.34,544893,micro,NSE+BSE,BSE Main Board+BSE SME+NSE Main Board
KALYANIFRG,Kalyani Forge Limited,345.37,513509,micro,NSE+BSE,BSE Main Board+BSE SME+NSE Main Board
SUPERSHAKT,Supershakti Metaliks Ltd,345.64,541701,micro,BSE,BSE Main Board+BSE SME
OILCOUNTUB,Oil Country Tubular Limited,346.41,500313,micro,NSE+BSE,BSE Main Board+BSE SME+NSE Main Board
INSPIRISYS,Inspirisys Solutions Limited,346.53,532774,micro,NSE+BSE,BSE Main Board+BSE SME+NSE Main Board
EVEXIA,Evexia Lifecare Ltd,347.31,524444,micro,BSE,BSE Main Board+BSE SME
THOMASCOTT,Thomas Scott (India) Limited,347.32,533941,micro,NSE+BSE,BSE Main Board+BSE SME+NSE Main Board
ZODIAC,Zodiac Energy Limited,351.16,543416,micro,NSE+BSE,BSE Main Board+BSE SME+NSE Main Board
HCL-INSYS,HCL Infosystems Limited,353.24,500179,micro,NSE+BSE,BSE Main Board+BSE SME+NSE Main Board
GINNIFILA,Ginni Filaments Limited,353.82,590025,micro,NSE+BSE,BSE Main Board+BSE SME+NSE Main Board
TOLINS,Tolins Tyres Limited,354.08,544254,micro,NSE+BSE,BSE Main Board+BSE SME+NSE Main Board
SUPER,Super Sales India Ltd,354.91,512527,micro,BSE,BSE Main Board+BSE SME
EMAMIREAL,Emami Realty Limited,355.13,533218,micro,NSE+BSE,BSE Main Board+BSE SME+NSE Main Board
GOACARBON,Goa Carbon Limited,355.79,509567,micro,NSE+BSE,BSE Main Board+BSE SME+NSE Main Board
ABMKNO,ABM Knowledgeware Limited,356.04,531161,micro,NSE+BSE,BSE Main Board+BSE SME+NSE Main Board
MSECL,Monarch Surveyors and Engineering Consultants Ltd,356.73,544453,micro,BSE,BSE Main Board+BSE SME
SHANKARA,Shankara Building Products Limited,357.19,540425,micro,NSE+BSE,BSE Main Board+BSE SME+NSE Main Board
VGL,VARVEE GLOBAL LIMITED,357.61,514274,micro,NSE+BSE,BSE Main Board+BSE SME+NSE Main Board
CSML,Complete Sports and Management India Ltd,357.64,544900,micro,BSE,BSE Main Board+BSE SME
KOTYARK,Kotyark Industries Limited,357.87,544726,micro,NSE+BSE,BSE Main Board+BSE SME+NSE Main Board
HALDER,Halder Venture Limited,359.46,539854,micro,NSE+BSE,BSE Main Board+BSE SME+NSE Main Board
NISUS,Nisus Finance Services Co Ltd,360.08,544296,micro,BSE,BSE Main Board+BSE SME
KESORAMIND,Kesoram Industries Limited,360.65,502937,micro,NSE+BSE,BSE Main Board+BSE SME+NSE Main Board
QUINT,Quint Digital Limited,361.24,539515,micro,NSE+BSE,BSE Main Board+BSE SME+NSE Main Board
ORIENTPPR,Orient Paper & Industries Limited,361.78,502420,micro,NSE+BSE,BSE Main Board+BSE SME+NSE Main Board
ASTONEALAB,Astonea Labs Ltd,362.1,544409,micro,BSE,BSE Main Board+BSE SME
SURAJLTD,Suraj Limited,362.78,531638,micro,NSE+BSE,BSE Main Board+BSE SME+NSE Main Board
TRANSWORLD,TRANSWORLD SHIPPING LINES LIMITED,362.96,520151,micro,NSE+BSE,BSE Main Board+BSE SME+NSE Main Board
SIZEMASTER,Sizemasters Technology Ltd,364.25,513496,micro,BSE,BSE Main Board+BSE SME
RRECL,RDB Real Estate Constructions Limited,364.37,544346,micro,NSE+BSE,BSE Main Board+BSE SME+NSE Main Board
AVONMORE,Avonmore Capital & Management Services Limited,364.58,511589,micro,NSE+BSE,BSE Main Board+BSE SME+NSE Main Board
BELLACASA,Bella Casa Fashion & Retail Limited,365.28,539399,micro,NSE+BSE,BSE Main Board+BSE SME+NSE Main Board
FLUIDOM,Fluidomat Ltd,365.31,522017,micro,BSE,BSE Main Board+BSE SME
RUBFILA,Rubfila International Limited,366.96,500367,micro,NSE+BSE,BSE Main Board+BSE SME+NSE Main Board
STARLENT,Starlineps Enterprises Ltd,368.04,540492,micro,BSE,BSE Main Board+BSE SME
LEHAR,Lehar Footwears Ltd,368.96,532829,micro,BSE,BSE Main Board+BSE SME
PSPLATINA,Property Share Investment Trust - Propshare Platina,369.71,544295,micro,BSE,BSE SME
PURPLEWAVE,Purple Wave Infocom Ltd,370.76,544627,micro,BSE,BSE Main Board+BSE SME
UYFINCORP,U. Y. Fincorp Limited,370.96,530579,micro,NSE+BSE,BSE Main Board+BSE SME+NSE Main Board
NAPEROL,Naperol Investments Ltd,371.0,500298,micro,BSE,BSE Main Board+BSE SME
HERCULES,Hercules Investments Ltd,371.68,505720,micro,BSE,BSE Main Board+BSE SME
NIMBSPROJ,Nimbus Projects Limited,371.89,511714,micro,NSE+BSE,BSE Main Board+BSE SME+NSE Main Board
PAKKA,PAKKA LIMITED,372.0,516030,micro,NSE+BSE,BSE Main Board+BSE SME+NSE Main Board
CTL,Capital Trade Links Ltd,372.25,538476,micro,BSE,BSE Main Board+BSE SME
ANDHRAPET,Andhra Petrochemicals Ltd,373.2,500012,micro,BSE,BSE Main Board+BSE SME
AFIL,Akme Fintrade (India) Limited,373.41,544200,micro,NSE+BSE,BSE Main Board+BSE SME+NSE Main Board
TRUECOLORS,True Colors Ltd,373.52,544531,micro,BSE,BSE Main Board+BSE SME
LIBERTSHOE,Liberty Shoes Limited,374.79,526596,micro,NSE+BSE,BSE Main Board+BSE SME+NSE Main Board
RADIANTCMS,Radiant Cash Management Services Limited,375.72,543732,micro,NSE+BSE,BSE Main Board+BSE SME+NSE Main Board
MENNPIS,Menon Pistons Limited,376.43,531727,micro,NSE+BSE,BSE Main Board+BSE SME+NSE Main Board
MUTHOOTCAP,Muthoot Capital Services Limited,376.65,511766,micro,NSE+BSE,BSE Main Board+BSE SME+NSE Main Board
MARKOLINES,Markolines Pavement Technologies Limited,377.24,543364,micro,NSE+BSE,BSE Main Board+BSE SME+NSE Main Board
SERA,Sera Investments & Finance India Ltd,379.07,512399,micro,BSE,BSE Main Board+BSE SME
MKVENTURES,Mkventures Capital Ltd,379.71,514238,micro,BSE,BSE Main Board+BSE SME
AUTOIND,Autoline Industries Limited,382.02,532797,micro,NSE+BSE,BSE Main Board+BSE SME+NSE Main Board
EMMFORCE,Emmforce Autotech Ltd,382.52,544166,micro,BSE,BSE Main Board+BSE SME
KOTHARIPRO,Kothari Products Limited,382.66,530299,micro,NSE+BSE,BSE Main Board+BSE SME+NSE Main Board
CPL,Captain Polyplast Limited,383.34,536974,micro,NSE+BSE,BSE Main Board+BSE SME+NSE Main Board
NICCOPAR,Nicco Parks & Resorts Limited,383.76,526721,micro,NSE+BSE,BSE Main Board+BSE SME+NSE Main Board
BIRLAPREC,Birla Precision Technologies Limited,384.82,522105,micro,NSE+BSE,BSE Main Board+BSE SME+NSE Main Board
NIKHILAD,Nikhil Adhesives Ltd,385.14,526159,micro,BSE,BSE Main Board+BSE SME
DIGISPICE,DiGiSPICE Technologies Limited,386.03,517214,micro,NSE+BSE,BSE Main Board+BSE SME+NSE Main Board
SATTRIX,Sattrix Information Security Ltd,386.92,544189,micro,BSE,BSE Main Board+BSE SME
VPAL,Vegorama Punjabi Angithi Ltd,388.2,544765,micro,BSE,BSE Main Board+BSE SME
GVKPIL,GVK Power & Infrastructure Limited,388.49,532708,micro,NSE+BSE,BSE Main Board+BSE SME+NSE Main Board
BANSWRAS,Banswara Syntex Limited,389.05,503722,micro,NSE+BSE,BSE Main Board+BSE SME+NSE Main Board
MAJESAUT,Majestic Auto Limited,389.28,500267,micro,NSE+BSE,BSE Main Board+BSE SME+NSE Main Board
JKIPL,Jinkushal Industries Limited,392.11,544547,micro,NSE+BSE,BSE Main Board+BSE SME+NSE Main Board
BIRLACOT,Birla Cotsyn (India) Ltd,392.54,533006,micro,BSE,BSE Main Board+BSE SME
GOKUL,Gokul Refoils and Solvent Limited,393.01,532980,micro,NSE+BSE,BSE Main Board+BSE SME+NSE Main Board
REGENCY,Regency Fincorp Ltd,394.72,540175,micro,BSE,BSE Main Board+BSE SME
ACL,Andhra Cements Limited,395.79,532141,micro,NSE+BSE,BSE Main Board+BSE SME+NSE Main Board
TRISHAKT,Trishakti Industries Ltd,396.26,531279,micro,BSE,BSE Main Board+BSE SME
XTGLOBAL,Xtglobal Infotech Limited,397.01,531225,micro,NSE+BSE,BSE Main Board+BSE SME+NSE Main Board
MONEYBOXX,Moneyboxx Finance Limited,399.52,538446,micro,NSE+BSE,BSE Main Board+BSE SME+NSE Main Board
FOODSIN,Foods & Inns Limited,399.94,507552,micro,NSE+BSE,BSE Main Board+BSE SME+NSE Main Board
VINYLINDIA,Vinyl Chemicals (India) Limited,400.48,524129,micro,NSE+BSE,BSE Main Board+BSE SME+NSE Main Board
NDL,Nandan Denim Limited,400.73,532641,micro,NSE+BSE,BSE Main Board+BSE SME+NSE Main Board
MIRZAINT,Mirza International Limited,402.03,526642,micro,NSE+BSE,BSE Main Board+BSE SME+NSE Main Board
SAHYADRI,Sahyadri Industries Limited,402.06,532841,micro,NSE+BSE,BSE Main Board+BSE SME+NSE Main Board
RECODE,Recode Studios Ltd,402.36,544755,micro,BSE,BSE Main Board+BSE SME
MANORG,Mangalam Organics Limited,402.53,514418,micro,NSE+BSE,BSE Main Board+BSE SME+NSE Main Board
MANOMAY,Manomay Tex India Limited,403.39,540396,micro,NSE+BSE,BSE Main Board+BSE SME+NSE Main Board
SHILINDORE,Sayaji Hotels (Indore) Ltd,403.52,544080,micro,BSE,BSE Main Board+BSE SME
BATLIBOI,Batliboi Limited,403.79,522004,micro,NSE+BSE,BSE Main Board+BSE SME+NSE Main Board
BALGOPAL,Balgopal Commercial Ltd,403.93,539834,micro,BSE,BSE Main Board+BSE SME
LORDSCHLO,Lords Chloro Alkali Limited,404.02,500284,micro,NSE+BSE,BSE Main Board+BSE SME+NSE Main Board
MSCTC,Mardia Samyoung Capillary Tubes Company Ltd,405.04,513544,micro,BSE,BSE Main Board+BSE SME
SBGLP,Suratwwala Business Group Limited,406.31,543218,micro,NSE+BSE,BSE Main Board+BSE SME+NSE Main Board
OMAXAUTO,Omax Autos Limited,407.23,520021,micro,NSE+BSE,BSE Main Board+BSE SME+NSE Main Board
SPEEDEX,Maharaja & Speedex India Ltd,407.65,544925,micro,BSE,BSE Main Board+BSE SME
AZADIND,Azad India Mobility Limited,408.92,504731,micro,NSE+BSE,BSE Main Board+BSE SME+NSE Main Board
EMROCK,Emrock Corporation Ltd,410.53,531676,micro,BSE,BSE Main Board+BSE SME
AEPL,Artemis Electricals and Projects Limited,411.2,542670,micro,NSE+BSE,BSE Main Board+BSE SME+NSE Main Board
KALIND,Kalind Ltd,411.38,526935,micro,BSE,BSE Main Board+BSE SME
S&SPOWER,S&S Power Switchgears Limited,411.84,517273,micro,NSE+BSE,BSE Main Board+BSE SME+NSE Main Board
HPBL,HCP Plastene Bulkpack Ltd,411.94,526717,micro,BSE,BSE Main Board+BSE SME
IGCL,Indogulf Cropsciences Limited,411.97,544432,micro,NSE+BSE,BSE Main Board+BSE SME+NSE Main Board
POOJAENT,Vashu Bhagnani Industries Ltd,412.5,532011,micro,BSE,BSE Main Board+BSE SME
MANAKSIA,Manaksia Limited,414.44,532932,micro,NSE+BSE,BSE Main Board+BSE SME+NSE Main Board
SEALMATIC,Sealmatic India Ltd,414.8,543782,micro,BSE,BSE Main Board+BSE SME
MODMA,Modern Malleables Ltd,415.88,517336,micro,BSE,BSE Main Board+BSE SME
EBIX,EBIX Limited,416.59,531035,micro,NSE+BSE,BSE Main Board+BSE SME+NSE Main Board
PRIORITY,Priority Jewels Limited,419.04,544899,micro,NSE+BSE,BSE Main Board+BSE SME+NSE Main Board
NAHARCAP,Nahar Capital and Financial Services Limited,419.07,532952,micro,NSE+BSE,BSE Main Board+BSE SME+NSE Main Board
NDLVENTURE,NDL Ventures Limited,420.39,500189,micro,NSE+BSE,BSE Main Board+BSE SME+NSE Main Board
POEL,POCL Enterprises Limited,421.19,539195,micro,NSE+BSE,BSE Main Board+BSE SME+NSE Main Board
VERITAS,Veritas (India) Ltd,421.32,512229,micro,BSE,BSE Main Board+BSE SME
ALUFLUOR,Alufluoride Limited,422.66,524634,micro,NSE+BSE,BSE Main Board+BSE SME+NSE Main Board
PURPLEFIN,Purple Finance Ltd,422.88,544191,micro,BSE,BSE Main Board+BSE SME
VPRPL,Vishnu Prakash R Punglia Limited,423.17,543974,micro,NSE+BSE,BSE Main Board+BSE SME+NSE Main Board
FORBESCO,Forbes & Company Ltd,423.66,502865,micro,BSE,BSE Main Board+BSE SME
CYBERTECH,Cybertech Systems And Software Limited,423.66,532173,micro,NSE+BSE,BSE Main Board+BSE SME+NSE Main Board
REPRO,Repro India Limited,423.69,532687,micro,NSE+BSE,BSE Main Board+BSE SME+NSE Main Board
ATVOENT,Atvo Enterprises Ltd,423.77,532090,micro,BSE,BSE Main Board+BSE SME
PESB,Pune E - Stock Broking Ltd,423.77,544141,micro,BSE,BSE Main Board+BSE SME
WSI,W S Industries (I) Limited,424.1,504220,micro,NSE+BSE,BSE Main Board+BSE SME+NSE Main Board
VRAJ,Vraj Iron and Steel Limited,424.82,544204,micro,NSE+BSE,BSE Main Board+BSE SME+NSE Main Board
KRITINUT,Kriti Nutrients Limited,426.38,533210,micro,NSE+BSE,BSE Main Board+BSE SME+NSE Main Board
MEDICAMEQ,Medicamen Biotech Limited,426.41,531146,micro,NSE+BSE,BSE Main Board+BSE SME+NSE Main Board
JUNIORBEES,Nippon India ETF Nifty Next 50 Junior BeES,427.04,590104,micro,BSE,BSE Main Board+BSE SME
SINCLAIR,Sinclairs Hotels Limited,428.94,523023,micro,NSE+BSE,BSE Main Board+BSE SME+NSE Main Board
BPAGRI,Blue Pearl Agriventures Ltd,430.23,514440,micro,BSE,BSE Main Board+BSE SME
DONEAR,Donear Industries Limited,431.5,512519,micro,NSE+BSE,BSE Main Board+BSE SME+NSE Main Board
RAMAPHO,Rama Phosphates Limited,431.57,524037,micro,NSE+BSE,BSE Main Board+BSE SME+NSE Main Board
DENORA,De Nora India Limited,432.26,590031,micro,NSE+BSE,BSE Main Board+BSE SME+NSE Main Board
EUROBOND,Euro Panel Products Limited,433.16,544461,micro,NSE+BSE,BSE Main Board+BSE SME+NSE Main Board
JENBURPH,Jenburkt Pharmaceuticals Limited,435.64,524731,micro,NSE+BSE,BSE Main Board+BSE SME+NSE Main Board
BMWVENTLTD,BMW Ventures Limited,436.18,544543,micro,NSE+BSE,BSE Main Board+BSE SME+NSE Main Board
AARTISURF,Aarti Surfactants Limited,436.42,543210,micro,NSE+BSE,BSE Main Board+BSE SME+NSE Main Board
NILE,Nile Limited,438.29,530129,micro,NSE+BSE,BSE Main Board+BSE SME+NSE Main Board
MAHALIFE,Mahamaya Lifesciences Ltd,438.38,544611,micro,BSE,BSE Main Board+BSE SME
LANCER,Lancer Container Lines Limited,439.45,539841,micro,NSE+BSE,BSE Main Board+BSE SME+NSE Main Board
TLL,Trident Lifeline Ltd,439.85,543616,micro,BSE,BSE Main Board+BSE SME
DEVSON,Devson Catalyst Ltd,441.61,544823,micro,BSE,BSE Main Board+BSE SME
BRGIL,B.R.Goyal Infrastructure Ltd,443.14,544335,micro,BSE,BSE Main Board+BSE SME
INDOTHAI,Indo Thai Securities Limited,443.42,533676,micro,NSE+BSE,BSE Main Board+BSE SME+NSE Main Board
HLVLTD,HLV LIMITED,443.68,500193,micro,NSE+BSE,BSE Main Board+BSE SME+NSE Main Board
ADVANIHOTR,Advani Hotels & Resorts (India) Limited,443.7,523269,micro,NSE+BSE,BSE Main Board+BSE SME+NSE Main Board
HALEOSLABS,HALEOS LABS LIMITED,443.76,540679,micro,NSE+BSE,BSE Main Board+BSE SME+NSE Main Board
GUJAPOLLO,Gujarat Apollo Industries Limited,444.61,522217,micro,NSE+BSE,BSE Main Board+BSE SME+NSE Main Board
ELIN,Elin Electronics Limited,446.14,543725,micro,NSE+BSE,BSE Main Board+BSE SME+NSE Main Board
DCI,Dc Infotech And Communication Limited,446.9,543636,micro,NSE+BSE,BSE Main Board+BSE SME+NSE Main Board
MEEIND,Meenakshi India Ltd,448.43,544831,micro,BSE,BSE Main Board+BSE SME
ASAHISONG,Asahi Songwon Colors Limited,448.51,532853,micro,NSE+BSE,BSE Main Board+BSE SME+NSE Main Board
JDCABLES,JD Cables Ltd,448.65,544524,micro,BSE,BSE Main Board+BSE SME
UCIL,Unifinz Capital India Ltd,448.88,541358,micro,BSE,BSE Main Board+BSE SME
RAJSEC,Rajasthan Securities Ltd,448.94,526873,micro,BSE,BSE Main Board+BSE SME
CHANDRIMA,Chandrima Mercantiles Ltd,450.11,540829,micro,BSE,BSE Main Board+BSE SME
VISHAL,Vishal Fabrics Limited,450.65,538598,micro,NSE+BSE,BSE Main Board+BSE SME+NSE Main Board
RKSWAMY,R K Swamy Limited,451.52,544136,micro,NSE+BSE,BSE Main Board+BSE SME+NSE Main Board
DISHTV,Dish TV India Limited,452.95,532839,micro,NSE+BSE,BSE Main Board+BSE SME+NSE Main Board
MARBLE,Marble City India Ltd,453.92,531281,micro,BSE,BSE Main Board+BSE SME
SARVESHWAR,Sarveshwar Foods Limited,454.47,543688,micro,NSE+BSE,BSE Main Board+BSE SME+NSE Main Board
PREVEST,Prevest Denpro Ltd,454.91,543363,micro,BSE,BSE Main Board+BSE SME
UNIDT,United Drilling Tools Limited,456.52,522014,micro,NSE+BSE,BSE Main Board+BSE SME+NSE Main Board
FILTRON,Filtron Engineers Ltd,457.32,531191,micro,BSE,BSE Main Board+BSE SME
SHIVACEM,Shiva Cement Limited,457.55,532323,micro,NSE+BSE,BSE Main Board+BSE SME+NSE Main Board
BEMHY,Bemco Hydraulics Ltd,458.99,522650,micro,BSE,BSE Main Board+BSE SME
CORDSCABLE,Cords Cable Industries Limited,459.32,532941,micro,NSE+BSE,BSE Main Board+BSE SME+NSE Main Board
EMERALL,Emerald Leisures Ltd,459.57,507265,micro,BSE,BSE Main Board+BSE SME
MOMSBELIEF,Rays of Belief Limited,459.84,544906,micro,NSE+BSE,BSE Main Board+BSE SME+NSE Main Board
SRAMSET,Shriram Asset Management Company Ltd,460.31,531359,micro,BSE,BSE Main Board+BSE SME
ABCOTS,A B Cotspin India Limited,461.35,544522,micro,NSE+BSE,BSE Main Board+BSE SME+NSE Main Board
BRAHMINFRA,Brahmaputra Infrastructure Limited,463.28,535693,micro,NSE+BSE,BSE Main Board+BSE SME+NSE Main Board
OSWALAGRO,Oswal Agro Mills Limited,464.05,500317,micro,NSE+BSE,BSE Main Board+BSE SME+NSE Main Board
VTMLTD,VTM Limited,467.04,532893,micro,NSE+BSE,BSE Main Board+BSE SME+NSE Main Board
NWIL,Nurture Well Industries Ltd,468.01,531889,micro,BSE,BSE Main Board+BSE SME
VISACHROME,VISA Chrome Limited,472.36,532721,micro,NSE+BSE,BSE Main Board+BSE SME+NSE Main Board
SINGERIND,Singer India Limited,472.68,505729,micro,NSE+BSE,BSE Main Board+BSE SME+NSE Main Board
RAMANEWS,Shree Rama Newsprint Limited,473.55,500356,micro,NSE+BSE,BSE Main Board+BSE SME+NSE Main Board
SCHAND,S Chand And Company Limited,476.17,540497,micro,NSE+BSE,BSE Main Board+BSE SME+NSE Main Board
RUSHIL,Rushil Decor Limited,476.22,533470,micro,NSE+BSE,BSE Main Board+BSE SME+NSE Main Board
PPARIVAH,Paradeep Parivahan Ltd,476.51,544383,micro,BSE,BSE Main Board+BSE SME
MUFTI,Credo Brands Marketing Limited,476.66,544058,micro,NSE+BSE,BSE Main Board+BSE SME+NSE Main Board
URJA,Urja Global Limited,477.11,526987,micro,NSE+BSE,BSE Main Board+BSE SME+NSE Main Board
ZEEMEDIA,Zee Media Corporation Limited,478.46,532794,micro,NSE+BSE,BSE Main Board+BSE SME+NSE Main Board
AQYLON,Aqylon Nexus Limited,478.54,530943,micro,NSE+BSE,BSE Main Board+BSE SME+NSE Main Board
NILASPACES,Nila Spaces Limited,478.58,542231,micro,NSE+BSE,BSE Main Board+BSE SME+NSE Main Board
MODINATUR,Modi Naturals Limited,478.7,519003,micro,NSE+BSE,BSE Main Board+BSE SME+NSE Main Board
ALBERTDAVD,Albert David Limited,479.4,524075,micro,NSE+BSE,BSE Main Board+BSE SME+NSE Main Board
ENIL,Entertainment Network (India) Limited,480.28,532700,micro,NSE+BSE,BSE Main Board+BSE SME+NSE Main Board
KHAICHEM,Khaitan Chemicals & Fertilizers Limited,480.48,507794,micro,NSE+BSE,BSE Main Board+BSE SME+NSE Main Board
MANCREDIT,Mangal Credit and Fincorp Limited,481.19,505850,micro,NSE+BSE,BSE Main Board+BSE SME+NSE Main Board
SHARDUL,Shardul Securities Limited,481.21,512393,micro,NSE+BSE,BSE Main Board+BSE SME+NSE Main Board
SIGMA,Sigma Solve Limited,481.6,543917,micro,NSE+BSE,BSE Main Board+BSE SME+NSE Main Board
BBTCL,B&B Triplewall Containers Limited,481.71,543668,micro,NSE+BSE,BSE Main Board+BSE SME+NSE Main Board
INTLCONV,International Conveyors Limited,481.87,509709,micro,NSE+BSE,BSE Main Board+BSE SME+NSE Main Board
PSTITANIA,Propshare Titania SM REIT - IPO (Second scheme of the Property Share Investment Trust),481.9,544462,micro,BSE,BSE SME
SILINV,SIL Investments Limited,482.91,521194,micro,NSE+BSE,BSE Main Board+BSE SME+NSE Main Board
ACSTECH,ACS Technologies Limited,483.07,530745,micro,NSE+BSE,BSE Main Board+BSE SME+NSE Main Board
SENSEXIETF,ICICI Prudential BSE Sensex ETF,483.16,555555,micro,BSE,BSE Main Board+BSE SME
PLASTIBLEN,Plastiblends India Limited,484.31,523648,micro,NSE+BSE,BSE Main Board+BSE SME+NSE Main Board
MCLEODRUSS,Mcleod Russel India Limited,488.54,532654,micro,NSE+BSE,BSE Main Board+BSE SME+NSE Main Board
TRANSCHEM,Transchem Ltd,489.6,500422,micro,BSE,BSE Main Board+BSE SME
MAWANASUG,Mawana Sugars Limited,490.72,523371,micro,NSE+BSE,BSE Main Board+BSE SME+NSE Main Board
PAJSON,Pajson Agro India Ltd,493.33,544657,micro,BSE,BSE Main Board+BSE SME
GOODRICKE,Goodricke Group Ltd,497.23,500166,micro,BSE,BSE Main Board+BSE SME
THEINVEST,The Investment Trust Of India Limited,498.65,530023,micro,NSE+BSE,BSE Main Board+BSE SME+NSE Main Board
VIPULORG,Vipul Organics Ltd,499.42,530627,micro,BSE,BSE Main Board+BSE SME
MANIKA,Manika Plastech Limited,501.0,544929,small_micro,NSE+BSE,BSE Main Board+BSE SME+NSE Main Board
KAYA,Kaya Limited,501.19,539276,small_micro,NSE+BSE,BSE Main Board+BSE SME+NSE Main Board
PARMESHWAR,Parmeshwar Metal Ltd,502.04,544330,small_micro,BSE,BSE Main Board+BSE SME
HRS,HRS Aluglaze Ltd,502.3,544656,small_micro,BSE,BSE Main Board+BSE SME
CSLFINANCE,CSL Finance Limited,502.36,530067,small_micro,NSE+BSE,BSE Main Board+BSE SME+NSE Main Board
ARYACAPM,Aryaman Capital Markets Ltd,502.62,538716,small_micro,BSE,BSE Main Board+BSE SME
IRIS,IRIS RegTech Solutions Limited,504.64,540735,small_micro,NSE+BSE,BSE Main Board+BSE SME+NSE Main Board
PTL,PTL Enterprises Limited,505.02,509220,small_micro,NSE+BSE,BSE Main Board+BSE SME+NSE Main Board
MINDTECK,Mindteck (India) Limited,506.0,517344,small_micro,NSE+BSE,BSE Main Board+BSE SME+NSE Main Board
TPLPLASTEH,TPL Plastech Limited,508.19,526582,small_micro,NSE+BSE,BSE Main Board+BSE SME+NSE Main Board
DIGILOGIC,Digilogic Systems Ltd,510.7,544684,small_micro,BSE,BSE Main Board+BSE SME
SUKHJITS,Sukhjit Starch & Chemicals Limited,511.15,524542,small_micro,NSE+BSE,BSE Main Board+BSE SME+NSE Main Board
MUNJALSHOW,Munjal Showa Limited,512.54,520043,small_micro,NSE+BSE,BSE Main Board+BSE SME+NSE Main Board
OSWALGREEN,Oswal Greentech Limited,512.85,539290,small_micro,NSE+BSE,BSE Main Board+BSE SME+NSE Main Board
SOTEFIN,Sotefin Bharat Ltd,514.66,544832,small_micro,BSE,BSE Main Board+BSE SME
CLN,CLN Energy Ltd,516.0,544347,small_micro,BSE,BSE Main Board+BSE SME
MAZDA,Mazda Limited,516.34,523792,small_micro,NSE+BSE,BSE Main Board+BSE SME+NSE Main Board
UDAYJEW,Uday Jewellery Industries Limited,516.41,539518,small_micro,NSE+BSE,BSE Main Board+BSE SME+NSE Main Board
CHEMFAB,Chemfab Alkalis Limited,517.53,541269,small_micro,NSE+BSE,BSE Main Board+BSE SME+NSE Main Board
KDGREEN,KD Green Industries Limited,521.05,512595,small_micro,NSE+BSE,BSE Main Board+BSE SME+NSE Main Board
MGEL,Mangalam Global Enterprise Limited,522.35,544273,small_micro,NSE+BSE,BSE Main Board+BSE SME+NSE Main Board
SIMPLEXCAS,Simplex Castings Ltd,524.14,513472,small_micro,BSE,BSE Main Board+BSE SME
BCCFUBA,BCC Fuba India Ltd,526.33,517246,small_micro,BSE,BSE Main Board+BSE SME
3IINFOLTD,3i Infotech Limited,527.84,532628,small_micro,NSE+BSE,BSE Main Board+BSE SME+NSE Main Board
WORKMATES,Workmates Core2Cloud Solution Ltd,531.29,544610,small_micro,BSE,BSE Main Board+BSE SME
PRIMO,Primo Chemicals Limited,532.19,506852,small_micro,NSE+BSE,BSE Main Board+BSE SME+NSE Main Board
HITECHCORP,Hitech Corporation Limited,534.51,526217,small_micro,NSE+BSE,BSE Main Board+BSE SME+NSE Main Board
LAKSHMIMIL,Lakshmi Mills Company Limited,537.8,502958,small_micro,NSE+BSE,BSE Main Board+BSE SME+NSE Main Board
PENINLAND,Peninsula Land Limited,538.06,503031,small_micro,NSE+BSE,BSE Main Board+BSE SME+NSE Main Board
GLOTTIS,Glottis Limited,539.82,544557,small_micro,NSE+BSE,BSE Main Board+BSE SME+NSE Main Board
DHABRIYA,Dhabriya Polywood Limited,540.62,538715,small_micro,NSE+BSE,BSE Main Board+BSE SME+NSE Main Board
LINC,Linc Limited,541.23,531241,small_micro,NSE+BSE,BSE Main Board+BSE SME+NSE Main Board
COSPOWER,Cospower Engineering Ltd,542.63,543172,small_micro,BSE,BSE Main Board+BSE SME
VIRAT,Virat Industries Limited,543.1,530521,small_micro,NSE+BSE,BSE Main Board+BSE SME+NSE Main Board
SHRJAGP,Shri Jagdamba Polymers Limited,543.52,512453,small_micro,NSE+BSE,BSE Main Board+BSE SME+NSE Main Board
ONMOBILE,OnMobile Global Limited,546.02,532944,small_micro,NSE+BSE,BSE Main Board+BSE SME+NSE Main Board
ADSL,Allied Digital Services Limited,547.53,532875,small_micro,NSE+BSE,BSE Main Board+BSE SME+NSE Main Board
SAYAJIHOTL,Sayaji Hotels Limited,547.79,523710,small_micro,NSE+BSE,BSE Main Board+BSE SME+NSE Main Board
APTECHT,Aptech Limited,547.95,532475,small_micro,NSE+BSE,BSE Main Board+BSE SME+NSE Main Board
NAHARPOLY,Nahar Poly Films Limited,548.31,523391,small_micro,NSE+BSE,BSE Main Board+BSE SME+NSE Main Board
SUBAM,Subam Papers Ltd,549.59,544267,small_micro,BSE,BSE Main Board+BSE SME
HAZOOR,Hazoor Multi Projects Limited,549.94,532467,small_micro,NSE+BSE,BSE Main Board+BSE SME+NSE Main Board
TRITONV,Triton Valves Limited,550.14,505978,small_micro,NSE+BSE,BSE Main Board+BSE SME+NSE Main Board
HTMEDIA,HT Media Limited,553.53,532662,small_micro,NSE+BSE,BSE Main Board+BSE SME+NSE Main Board
IL&FSENGG,IL&FS Engineering and Construction Company Limited,556.35,532907,small_micro,NSE+BSE,BSE Main Board+BSE SME+NSE Main Board
CTCL,Captain Technocast Ltd,557.28,540652,small_micro,BSE,BSE Main Board+BSE SME
HINDCOMPOS,Hindustan Composites Limited,557.6,509635,small_micro,NSE+BSE,BSE Main Board+BSE SME+NSE Main Board
VAKRANGEE,Vakrangee Limited,557.84,511431,small_micro,NSE+BSE,BSE Main Board+BSE SME+NSE Main Board
CSM,CSM Technologies Limited,559.07,544806,small_micro,NSE+BSE,BSE Main Board+BSE SME+NSE Main Board
BHATIA,Bhatia Communications & Retail (India) Ltd,559.09,540956,small_micro,BSE,BSE Main Board+BSE SME
HIGHENE,High Energy Batteries India Ltd,560.11,504176,small_micro,BSE,BSE Main Board+BSE SME
STELLANT,Stellant Securities (India) Ltd,560.47,526071,small_micro,BSE,BSE Main Board+BSE SME
BIGBLOC,Bigbloc Construction Limited,560.64,540061,small_micro,NSE+BSE,BSE Main Board+BSE SME+NSE Main Board
GOELCONS,Goel Construction Company Ltd,563.53,544504,small_micro,BSE,BSE Main Board+BSE SME
SOUTHWEST,South West Pinnacle Exploration Limited,565.58,543986,small_micro,NSE+BSE,BSE Main Board+BSE SME+NSE Main Board
MEGAMONT,Megamont Ltd,566.08,523888,small_micro,BSE,BSE Main Board+BSE SME
AERPACE,Aerpace Industries Ltd,566.81,534733,small_micro,BSE,BSE Main Board+BSE SME
BLACKROSE,Black Rose Inds. Limited,567.89,514183,small_micro,NSE+BSE,BSE Main Board+BSE SME+NSE Main Board
SHISHIND,Shish Industries Ltd,568.37,540693,small_micro,BSE,BSE Main Board+BSE SME
RAKSAN,Raksan Transformers Ltd,569.03,544924,small_micro,BSE,BSE Main Board+BSE SME
ORIENTCER,ORIENT CERATECH LIMITED,569.72,504879,small_micro,NSE+BSE,BSE Main Board+BSE SME+NSE Main Board
SMTEL,SMT Engineering Ltd,570.47,538563,small_micro,BSE,BSE Main Board+BSE SME
SUGSLLOYD,Sugs Lloyd Ltd,571.88,544501,small_micro,BSE,BSE Main Board+BSE SME
NAHARINDUS,Nahar Industrial Enterprises Limited,572.04,519136,small_micro,NSE+BSE,BSE Main Board+BSE SME+NSE Main Board
DICIND,DIC India Limited,572.13,500089,small_micro,NSE+BSE,BSE Main Board+BSE SME+NSE Main Board
MOLDTECH,Mold-Tek Technologies Limited,572.79,526263,small_micro,NSE+BSE,BSE Main Board+BSE SME+NSE Main Board
KIRANVYPAR,Kiran Vyapar Limited,572.97,537750,small_micro,NSE+BSE,BSE Main Board+BSE SME+NSE Main Board
SHREERAMA,Shree Rama Multi-Tech Limited,573.91,532310,small_micro,NSE+BSE,BSE Main Board+BSE SME+NSE Main Board
CRYOGENIC,Cryogenic Ogs Ltd,574.48,544440,small_micro,BSE,BSE Main Board+BSE SME
KSE,KSE Limited,576.16,519421,small_micro,NSE+BSE,BSE Main Board+BSE SME+NSE Main Board
PYRAMID,Pyramid Technoplast Limited,576.97,543969,small_micro,NSE+BSE,BSE Main Board+BSE SME+NSE Main Board
CEWATER,Concord Enviro Systems Limited,577.22,544315,small_micro,NSE+BSE,BSE Main Board+BSE SME+NSE Main Board
MAGNAELQ,Magna Electro Castings Ltd,577.64,517449,small_micro,BSE,BSE Main Board+BSE SME
PANCHMAHQ,Panchmahal Steel Limited,579.89,513511,small_micro,NSE+BSE,BSE Main Board+BSE SME+NSE Main Board
ORIENTBELL,Orient Bell Limited,580.28,530365,small_micro,NSE+BSE,BSE Main Board+BSE SME+NSE Main Board
OMPOWER,Om Power Transmission Limited,584.22,544750,small_micro,NSE+BSE,BSE Main Board+BSE SME+NSE Main Board
ARVAYA,Arvaya Healthcare Ltd,584.43,524723,small_micro,BSE,BSE Main Board+BSE SME
TIPCO,Tipco Engineering India Ltd,586.06,544740,small_micro,BSE,BSE Main Board+BSE SME
SNOWMAN,Snowman Logistics Limited,588.15,538635,small_micro,NSE+BSE,BSE Main Board+BSE SME+NSE Main Board
VEEFIN,Veefin Solutions Ltd,588.56,543931,small_micro,BSE,BSE Main Board+BSE SME
MSAFE,Msafe Equipments Ltd,589.15,544695,small_micro,BSE,BSE Main Board+BSE SME
SYSTEMATIC,Systematic Industries Ltd,589.21,544541,small_micro,BSE,BSE Main Board+BSE SME
KINETICENG,Kinetic Engineering Ltd,589.35,500240,small_micro,BSE,BSE Main Board+BSE SME
SAURASHCEM,Saurashtra Cement Limited,591.83,502175,small_micro,NSE+BSE,BSE Main Board+BSE SME+NSE Main Board
SHRADDHA,Shraddha Prime Projects Limited,592.48,531771,small_micro,NSE+BSE,BSE Main Board+BSE SME+NSE Main Board
ARTSON,Artson Ltd,594.6,522134,small_micro,BSE,BSE Main Board+BSE SME
KSOLVES,Ksolves India Limited,596.57,543599,small_micro,NSE+BSE,BSE Main Board+BSE SME+NSE Main Board
DHUNINV,Dhunseri Investments Limited,597.52,533336,small_micro,NSE+BSE,BSE Main Board+BSE SME+NSE Main Board
DLTNCBL,Delton Cables Ltd,598.19,504240,small_micro,BSE,BSE Main Board+BSE SME
HMVL,Hindustan Media Ventures Limited,599.83,533217,small_micro,NSE+BSE,BSE Main Board+BSE SME+NSE Main Board
FRATELLI,Fratelli Vineyards Ltd,599.92,541741,small_micro,BSE,BSE Main Board+BSE SME
NIYOGIN,Niyogin Fintech Ltd,600.07,538772,small_micro,BSE,BSE Main Board+BSE SME
ORBTEXP,Orbit Exports Limited,600.17,512626,small_micro,NSE+BSE,BSE Main Board+BSE SME+NSE Main Board
INNOVISION,Innovision Limited,602.12,544732,small_micro,NSE+BSE,BSE Main Board+BSE SME+NSE Main Board
MALLCOM,Mallcom (India) Limited,604.66,539400,small_micro,NSE+BSE,BSE Main Board+BSE SME+NSE Main Board
INTEGRAEN,Integra Engineering India Ltd,605.02,505358,small_micro,BSE,BSE Main Board+BSE SME
SKM,SK Minerals & Additives Ltd,605.08,544584,small_micro,BSE,BSE Main Board+BSE SME
DCMSIL,DCM Shriram International Limited,606.51,544702,small_micro,NSE+BSE,BSE Main Board+BSE SME+NSE Main Board
CCCL,Consolidated Construction Consortium Limited,606.7,532902,small_micro,NSE+BSE,BSE Main Board+BSE SME+NSE Main Board
ARIES,Aries Agro Limited,609.64,532935,small_micro,NSE+BSE,BSE Main Board+BSE SME+NSE Main Board
ATL,Allcargo Terminals Limited,609.99,543954,small_micro,NSE+BSE,BSE Main Board+BSE SME+NSE Main Board
GARGI,PNGS Gargi Fashion Jewellery Ltd,610.42,543709,small_micro,BSE,BSE Main Board+BSE SME
AGARIND,Agarwal Industrial Corporation Limited,610.73,531921,small_micro,NSE+BSE,BSE Main Board+BSE SME+NSE Main Board
TECHNOCRAT,Technocrats Plasma Systems Ltd,611.8,544877,small_micro,BSE,BSE Main Board+BSE SME
APPL,Aptus Pharma Ltd,618.17,544529,small_micro,BSE,BSE Main Board+BSE SME
GTPL,GTPL Hathway Limited,619.11,540602,small_micro,NSE+BSE,BSE Main Board+BSE SME+NSE Main Board
INNOVANA,Innovana Thinklabs Limited,620.63,544302,small_micro,NSE+BSE,BSE Main Board+BSE SME+NSE Main Board
KANPRPLA,Kanpur Plastipack Limited,620.66,507779,small_micro,NSE+BSE,BSE Main Board+BSE SME+NSE Main Board
HARDWYN,Hardwyn India Limited,624.99,541276,small_micro,NSE+BSE,BSE Main Board+BSE SME+NSE Main Board
FABCLEAN,Fabtech Cleanrooms Ltd,625.64,544332,small_micro,BSE,BSE Main Board+BSE SME
ZFSTEERING,ZF Steering Gear (India) Limited,626.97,505163,small_micro,NSE+BSE,BSE Main Board+BSE SME+NSE Main Board
SHIVALIK,Shivalik Rasayan Limited,627.73,539148,small_micro,NSE+BSE,BSE Main Board+BSE SME+NSE Main Board
UGARSUGAR,The Ugar Sugar Works Limited,628.09,530363,small_micro,NSE+BSE,BSE Main Board+BSE SME+NSE Main Board
SUSAN,Susan Electricals India Ltd,628.12,544793,small_micro,BSE,BSE Main Board+BSE SME
MAANALU,Maan Aluminium Limited,628.94,532906,small_micro,NSE+BSE,BSE Main Board+BSE SME+NSE Main Board
VOITHPAPR,Voith Paper Fabrics India Limited,629.72,522122,small_micro,NSE+BSE,BSE Main Board+BSE SME+NSE Main Board
BAIKAKAJI,Bai-Kakaji Polymers Ltd,632.71,544670,small_micro,BSE,BSE Main Board+BSE SME
GFLLIMITED,GFL Limited,633.61,500173,small_micro,NSE+BSE,BSE Main Board+BSE SME+NSE Main Board
SUTLEJTEX,Sutlej Textiles and Industries Limited,634.67,532782,small_micro,NSE+BSE,BSE Main Board+BSE SME+NSE Main Board
GLOSTERLTD,Gloster Limited,634.71,542351,small_micro,NSE+BSE,BSE Main Board+BSE SME+NSE Main Board
PASUPTAC,Pasupati Acrylon Limited,634.72,500456,small_micro,NSE+BSE,BSE Main Board+BSE SME+NSE Main Board
EMPIND,Empire Industries Limited,636.0,509525,small_micro,NSE+BSE,BSE Main Board+BSE SME+NSE Main Board
COFFEEDAY,Coffee Day Enterprises Limited,637.77,539436,small_micro,NSE+BSE,BSE Main Board+BSE SME+NSE Main Board
BIZOTIC,Bizotic Commercial Ltd,639.03,543926,small_micro,BSE,BSE Main Board+BSE SME
TVTODAY,TV Today Network Limited,639.35,532515,small_micro,NSE+BSE,BSE Main Board+BSE SME+NSE Main Board
UNIENTER,Uniphos Enterprises Limited,639.82,500429,small_micro,NSE+BSE,BSE Main Board+BSE SME+NSE Main Board
SHINDL,Sharat Industries Limited,642.72,519397,small_micro,NSE+BSE,BSE Main Board+BSE SME+NSE Main Board
ONWARDTEC,Onward Technologies Limited,645.9,517536,small_micro,NSE+BSE,BSE Main Board+BSE SME+NSE Main Board
SREEL,Sreeleathers Limited,647.12,535601,small_micro,NSE+BSE,BSE Main Board+BSE SME+NSE Main Board
AHLWEST,Asian Hotels (West) Limited,649.73,533221,small_micro,NSE+BSE,BSE Main Board+BSE SME+NSE Main Board
QLL,Qualitek Labs Ltd,651.93,544091,small_micro,BSE,BSE Main Board+BSE SME
PPL,Prakash Pipes Limited,653.45,542684,small_micro,NSE+BSE,BSE Main Board+BSE SME+NSE Main Board
LAXMIINDIA,Laxmi India Finance Limited,655.7,544465,small_micro,NSE+BSE,BSE Main Board+BSE SME+NSE Main Board
EVERESTIND,Everest Industries Limited,656.75,508906,small_micro,NSE+BSE,BSE Main Board+BSE SME+NSE Main Board
UNIVPHOTO,Universus Photo Imagings Limited,656.8,542933,small_micro,NSE+BSE,BSE Main Board+BSE SME+NSE Main Board
TREL,Transindia Real Estate Limited,656.99,543955,small_micro,NSE+BSE,BSE Main Board+BSE SME+NSE Main Board
FABTECH,Fabtech Technologies Limited,657.2,544558,small_micro,NSE+BSE,BSE Main Board+BSE SME+NSE Main Board
BESTAGRO,Best Agrolife Limited,657.91,539660,small_micro,NSE+BSE,BSE Main Board+BSE SME+NSE Main Board
ECOSMOBLTY,Ecos (India) Mobility & Hospitality Limited,659.4,544239,small_micro,NSE+BSE,BSE Main Board+BSE SME+NSE Main Board
TRUEGREEN,True Green Bio Energy Ltd,659.64,533407,small_micro,BSE,BSE Main Board+BSE SME
PRAVEG,Praveg Limited,661.62,531637,small_micro,NSE+BSE,BSE Main Board+BSE SME+NSE Main Board
KRONOX,Kronox Lab Sciences Limited,664.72,544187,small_micro,NSE+BSE,BSE Main Board+BSE SME+NSE Main Board
GEE,GEE Ltd,666.6,504028,small_micro,BSE,BSE Main Board+BSE SME
STCINDIA,The State Trading Corporation of India Limited,667.2,512531,small_micro,NSE+BSE,BSE Main Board+BSE SME+NSE Main Board
HERANBA,Heranba Industries Limited,667.82,543266,small_micro,NSE+BSE,BSE Main Board+BSE SME+NSE Main Board
SHALPAINTS,Shalimar Paints Limited,671.7,509874,small_micro,NSE+BSE,BSE Main Board+BSE SME+NSE Main Board
MODIS,Modis Navnirman Limited,676.97,543539,small_micro,NSE+BSE,BSE Main Board+BSE SME+NSE Main Board
SATIA,Satia Industries Limited,677.9,539201,small_micro,NSE+BSE,BSE Main Board+BSE SME+NSE Main Board
PATELRMART,Patel Retail Limited,679.03,544487,small_micro,NSE+BSE,BSE Main Board+BSE SME+NSE Main Board
BIRLAMONEY,Aditya Birla Money Limited,679.52,532974,small_micro,NSE+BSE,BSE Main Board+BSE SME+NSE Main Board
CHEVIOT,Cheviot Company Limited,681.75,526817,small_micro,NSE+BSE,BSE Main Board+BSE SME+NSE Main Board
XCHANGING,Xchanging Solutions Limited,682.01,532616,small_micro,NSE+BSE,BSE Main Board+BSE SME+NSE Main Board
BLAL,BEML Land Assets Limited,684.01,543898,small_micro,NSE+BSE,BSE Main Board+BSE SME+NSE Main Board
SCPL,Sheetal Cool Products Limited,685.49,540757,small_micro,NSE+BSE,BSE Main Board+BSE SME+NSE Main Board
ADVENTHTL,Advent Hotels International Limited,685.88,544446,small_micro,NSE+BSE,BSE Main Board+BSE SME+NSE Main Board
BAJAJINDEF,Indef Manufacturing Limited,686.88,544364,small_micro,NSE+BSE,BSE Main Board+BSE SME+NSE Main Board
HTEL,Hy-Tech Engineers Limited,686.92,544891,small_micro,NSE+BSE,BSE Main Board+BSE SME+NSE Main Board
INDOFARM,Indo Farm Equipment Limited,687.14,544328,small_micro,NSE+BSE,BSE Main Board+BSE SME+NSE Main Board
SUMEETINDS,Sumeet Industries Limited,687.8,514211,small_micro,NSE+BSE,BSE Main Board+BSE SME+NSE Main Board
VEEGALAND,Veegaland Developers Limited,688.11,544923,small_micro,NSE+BSE,BSE Main Board+BSE SME+NSE Main Board
MANBA,Manba Finance Limited,688.78,544262,small_micro,NSE+BSE,BSE Main Board+BSE SME+NSE Main Board
MAGADSUGAR,Magadh Sugar & Energy Limited,689.79,540650,small_micro,NSE+BSE,BSE Main Board+BSE SME+NSE Main Board
TUTIALKA,Tuticorin Alkali Chemicals & Fertilizers Limited,690.2,506808,small_micro,NSE+BSE,BSE Main Board+BSE SME+NSE Main Board
ENKEIWHEL,Enkei Wheels (India) Limited,690.51,533477,small_micro,NSE+BSE,BSE Main Board+BSE SME+NSE Main Board
EMAMIPAP,Emami Paper Mills Limited,690.9,533208,small_micro,NSE+BSE,BSE Main Board+BSE SME+NSE Main Board
GANESHCP,Ganesh Consumer Products Limited,692.27,544528,small_micro,NSE+BSE,BSE Main Board+BSE SME+NSE Main Board
VALIANTLAB,Valiant Laboratories Limited,692.38,543998,small_micro,NSE+BSE,BSE Main Board+BSE SME+NSE Main Board
AXTEL,Axtel Industries Limited,692.8,523850,small_micro,NSE+BSE,BSE Main Board+BSE SME+NSE Main Board
CWD,CWD Ltd,693.09,543378,small_micro,BSE,BSE Main Board+BSE SME
NEUEON,Neueon Corporation Limited,693.24,532887,small_micro,NSE+BSE,BSE Main Board+BSE SME+NSE Main Board
ADVANCE,Advance Agrolife Limited,693.64,544562,small_micro,NSE+BSE,BSE Main Board+BSE SME+NSE Main Board
SPECIALITY,Speciality Restaurants Limited,694.59,534425,small_micro,NSE+BSE,BSE Main Board+BSE SME+NSE Main Board
KAMATHOTEL,Kamat Hotels (I) Limited,696.91,526668,small_micro,NSE+BSE,BSE Main Board+BSE SME+NSE Main Board
EMKAY,Emkay Global Financial Services Limited,698.01,532737,small_micro,NSE+BSE,BSE Main Board+BSE SME+NSE Main Board
MRTX,Merritronix Ltd,700.79,544773,small_micro,BSE,BSE Main Board+BSE SME
EXHICON,Exhicon Events Media Solutions Ltd,701.93,543895,small_micro,BSE,BSE Main Board+BSE SME
SUNITATOOL,Sunita Tools Ltd,703.16,544001,small_micro,BSE,BSE Main Board+BSE SME
KUANTUM,Kuantum Papers Limited,704.04,532937,small_micro,NSE+BSE,BSE Main Board+BSE SME+NSE Main Board
JAYAGROGN,Jayant Agro Organics Limited,705.0,524330,small_micro,NSE+BSE,BSE Main Board+BSE SME+NSE Main Board
JAGAJITIND,Jagatjit Industries Ltd,705.2,507155,small_micro,BSE,BSE Main Board+BSE SME
MANAKSTEEL,Manaksia Steels Limited,707.64,539044,small_micro,NSE+BSE,BSE Main Board+BSE SME+NSE Main Board
RBZJEWEL,RBZ Jewellers Limited,708.0,544060,small_micro,NSE+BSE,BSE Main Board+BSE SME+NSE Main Board
PVSL,Popular Vehicles and Services Limited,708.42,544144,small_micro,NSE+BSE,BSE Main Board+BSE SME+NSE Main Board
SOFTTECH,Softtech Engineers Limited,708.65,543470,small_micro,NSE+BSE,BSE Main Board+BSE SME+NSE Main Board
KILITCH,Kilitch Drugs (India) Limited,709.89,524500,small_micro,NSE+BSE,BSE Main Board+BSE SME+NSE Main Board
RAJPALAYAM,Rajapalayam Mills Limited,710.09,532503,small_micro,NSE+BSE,BSE Main Board+BSE SME+NSE Main Board
RIDDHI,Riddhi Siddhi Gluco Biols Ltd,712.34,524480,small_micro,BSE,BSE Main Board+BSE SME
ASAL,Automotive Stampings and Assemblies Limited,713.58,520119,small_micro,NSE+BSE,BSE Main Board+BSE SME+NSE Main Board
DMCC,DMCC SPECIALITY CHEMICALS LIMITED,714.4,506405,small_micro,NSE+BSE,BSE Main Board+BSE SME+NSE Main Board
APIS,Apis India Ltd,715.62,506166,small_micro,BSE,BSE Main Board+BSE SME
CHEMBONDCH,Chembond Chemicals Limited,715.72,544450,small_micro,NSE+BSE,BSE Main Board+BSE SME+NSE Main Board
EXATO,Exato Technologies Ltd,717.66,544626,small_micro,BSE,BSE Main Board+BSE SME
BAJAJST,Bajaj Steel Industries Limited,717.91,507944,small_micro,NSE+BSE,BSE Main Board+BSE SME+NSE Main Board
ZIMLAB,Zim Laboratories Limited,718.76,541400,small_micro,NSE+BSE,BSE Main Board+BSE SME+NSE Main Board
PERMAGN,Permanent Magnets Limited,719.0,504132,small_micro,NSE+BSE,BSE Main Board+BSE SME+NSE Main Board
RAMASTEEL,Rama Steel Tubes Limited,719.86,539309,small_micro,NSE+BSE,BSE Main Board+BSE SME+NSE Main Board
KELLTONTEC,Kellton Tech Solutions Limited,723.62,519602,small_micro,NSE+BSE,BSE Main Board+BSE SME+NSE Main Board
IFINSEC,India Finsec Ltd,723.95,535667,small_micro,BSE,BSE Main Board+BSE SME
HSIL,Hemant Surgical Industries Ltd,723.97,543916,small_micro,BSE,BSE Main Board+BSE SME
MAXGROW,Maxgrow India Ltd,724.0,521167,small_micro,BSE,BSE Main Board+BSE SME
JITFINFRA,JITF Infralogistics Limited,727.67,540311,small_micro,NSE+BSE,BSE Main Board+BSE SME+NSE Main Board
AMANTA,Amanta Healthcare Limited,729.99,544502,small_micro,NSE+BSE,BSE Main Board+BSE SME+NSE Main Board
TRANSPEK,Transpek Industry Limited,732.27,506687,small_micro,NSE+BSE,BSE Main Board+BSE SME+NSE Main Board
VLSFINANCE,VLS Finance Limited,732.69,511333,small_micro,NSE+BSE,BSE Main Board+BSE SME+NSE Main Board
YOGI,Yogi Limited,733.5,511702,small_micro,NSE+BSE,BSE Main Board+BSE SME+NSE Main Board
TVSELECT,TVS Electronics Limited,736.59,532513,small_micro,NSE+BSE,BSE Main Board+BSE SME+NSE Main Board
LOKESHMACH,Lokesh Machines Limited,736.73,532740,small_micro,NSE+BSE,BSE Main Board+BSE SME+NSE Main Board
DENTA,Denta Water and Infra Solutions Limited,737.45,544345,small_micro,NSE+BSE,BSE Main Board+BSE SME+NSE Main Board
MEIL,Mangal Electrical Industries Limited,738.83,544492,small_micro,NSE+BSE,BSE Main Board+BSE SME+NSE Main Board
LTELEVATOR,L. T. Elevator Ltd,739.53,544518,small_micro,BSE,BSE Main Board+BSE SME
LOTUSCHO,Lotus Chocolate Company Limited,745.74,523475,small_micro,NSE+BSE,BSE Main Board+BSE SME+NSE Main Board
VASCONEQ,Vascon Engineers Limited,745.83,533156,small_micro,NSE+BSE,BSE Main Board+BSE SME+NSE Main Board
ARYAMAN,Aryaman Financial Services Limited,747.99,530245,small_micro,NSE+BSE,BSE Main Board+BSE SME+NSE Main Board
GICHSGFIN,GIC Housing Finance Limited,748.53,511676,small_micro,NSE+BSE,BSE Main Board+BSE SME+NSE Main Board
SOLEX,Solex Energy Limited,749.91,544862,small_micro,NSE+BSE,BSE Main Board+BSE SME+NSE Main Board
DBOL,Dhampur Bio Organics Limited,753.83,543593,small_micro,NSE+BSE,BSE Main Board+BSE SME+NSE Main Board
SICALLOG,Sical Logistics Limited,753.97,520086,small_micro,NSE+BSE,BSE Main Board+BSE SME+NSE Main Board
PROSTARM,Prostarm Info Systems Limited,755.66,544410,small_micro,NSE+BSE,BSE Main Board+BSE SME+NSE Main Board
MERCURYEV,Mercury Ev-Tech Limited,755.9,531357,small_micro,NSE+BSE,BSE Main Board+BSE SME+NSE Main Board
SWARAJ,Swaraj Suiting Limited,757.94,544861,small_micro,NSE+BSE,BSE Main Board+BSE SME+NSE Main Board
DWARKESH,Dwarikesh Sugar Industries Limited,758.07,532610,small_micro,NSE+BSE,BSE Main Board+BSE SME+NSE Main Board
OCCLLTD,OCCL Limited,758.25,544278,small_micro,NSE+BSE,BSE Main Board+BSE SME+NSE Main Board
SUYOG,Suyog Telematics Limited,761.61,537259,small_micro,NSE+BSE,BSE Main Board+BSE SME+NSE Main Board
BRIGHT,Bright Outdoor Media Ltd,761.63,543831,small_micro,BSE,BSE Main Board+BSE SME
OMINFRAL,OM INFRA LIMITED,763.11,531092,small_micro,NSE+BSE,BSE Main Board+BSE SME+NSE Main Board
KOKUYOCMLN,Kokuyo Camlin Limited,768.33,523207,small_micro,NSE+BSE,BSE Main Board+BSE SME+NSE Main Board
HALDYNGL,Haldyn Glass Limited,769.46,515147,small_micro,NSE+BSE,BSE Main Board+BSE SME+NSE Main Board
ELDEHSG,Eldeco Housing And Industries Limited,770.02,523329,small_micro,NSE+BSE,BSE Main Board+BSE SME+NSE Main Board
RNITAI,Rnit Ai Solutions Ltd,772.29,517286,small_micro,BSE,BSE Main Board+BSE SME
STANLEY,Stanley Lifestyles Limited,772.34,544202,small_micro,NSE+BSE,BSE Main Board+BSE SME+NSE Main Board
SCODATUBES,Scoda Tubes Limited,772.82,544411,small_micro,NSE+BSE,BSE Main Board+BSE SME+NSE Main Board
20MICRONS,20 Microns Limited,774.36,533022,small_micro,NSE+BSE,BSE Main Board+BSE SME+NSE Main Board
ABINFRA,A B Infrabuild Limited,774.85,544281,small_micro,NSE+BSE,BSE Main Board+BSE SME+NSE Main Board
SANDESH,The Sandesh Limited,775.9,526725,small_micro,NSE+BSE,BSE Main Board+BSE SME+NSE Main Board
SEJALLTD,Sejal Glass Limited,777.77,532993,small_micro,NSE+BSE,BSE Main Board+BSE SME+NSE Main Board
BAFNAPH,Bafna Pharmaceuticals Limited,778.18,532989,small_micro,NSE+BSE,BSE Main Board+BSE SME+NSE Main Board
ISTLTD,I S T Limited,779.86,508807,small_micro,NSE+BSE,BSE Main Board+BSE SME+NSE Main Board
SUPREMEINF,Supreme Infrastructure India Limited,780.37,532904,small_micro,NSE+BSE,BSE Main Board+BSE SME+NSE Main Board
SARLAPOLY,Sarla Performance Fibers Limited,781.12,526885,small_micro,NSE+BSE,BSE Main Board+BSE SME+NSE Main Board
ORIRAIL,Oriental Rail Infrastructure Limited,781.91,531859,small_micro,NSE+BSE,BSE Main Board+BSE SME+NSE Main Board
TANDHANIN,Tandhan Industries Ltd,784.91,512062,small_micro,BSE,BSE Main Board+BSE SME
BORANA,Borana Weaves Limited,785.24,544404,small_micro,NSE+BSE,BSE Main Board+BSE SME+NSE Main Board
GEMAROMA,Gem Aromatics Limited,786.69,544491,small_micro,NSE+BSE,BSE Main Board+BSE SME+NSE Main Board
KECL,Kirloskar Electric Company Limited,787.67,533193,small_micro,NSE+BSE,BSE Main Board+BSE SME+NSE Main Board
CIFL,Capital India Finance Limited,789.93,530879,small_micro,NSE+BSE,BSE Main Board+BSE SME+NSE Main Board
HIMATSEIDE,Himatsingka Seide Limited,791.8,514043,small_micro,NSE+BSE,BSE Main Board+BSE SME+NSE Main Board
KANORICHEM,Kanoria Chemicals & Industries Limited,793.47,506525,small_micro,NSE+BSE,BSE Main Board+BSE SME+NSE Main Board
DECCANCE,Deccan Cements Limited,795.77,502137,small_micro,NSE+BSE,BSE Main Board+BSE SME+NSE Main Board
UPHOT,U P Hotels Limited,796.5,509960,small_micro,NSE+BSE,BSE Main Board+BSE SME+NSE Main Board
STERTOOLS,Sterling Tools Limited,796.85,530759,small_micro,NSE+BSE,BSE Main Board+BSE SME+NSE Main Board
WANBURY,Wanbury Limited,796.9,524212,small_micro,NSE+BSE,BSE Main Board+BSE SME+NSE Main Board
GEECEE,GeeCee Ventures Limited,798.62,532764,small_micro,NSE+BSE,BSE Main Board+BSE SME+NSE Main Board
PROZONER,Prozone Realty Limited,799.03,534675,small_micro,NSE+BSE,BSE Main Board+BSE SME+NSE Main Board
FAIRCHEMOR,Fairchem Organics Limited,802.48,543252,small_micro,NSE+BSE,BSE Main Board+BSE SME+NSE Main Board
WELINV,Welspun Investments and Commercials Limited,803.98,533252,small_micro,NSE+BSE,BSE Main Board+BSE SME+NSE Main Board
ZUARIIND,ZUARI INDUSTRIES LIMITED,805.73,500780,small_micro,NSE+BSE,BSE Main Board+BSE SME+NSE Main Board
NDTV,New Delhi Television Limited,805.79,532529,small_micro,NSE+BSE,BSE Main Board+BSE SME+NSE Main Board
NCLIND,NCL Industries Limited,806.73,502168,small_micro,NSE+BSE,BSE Main Board+BSE SME+NSE Main Board
MICEL,MIC Electronics Limited,807.39,532850,small_micro,NSE+BSE,BSE Main Board+BSE SME+NSE Main Board
YSL,The Yamuna Syndicate Ltd,808.06,540980,small_micro,BSE,BSE Main Board+BSE SME
RITCO,Ritco Logistics Limited,808.74,542383,small_micro,NSE+BSE,BSE Main Board+BSE SME+NSE Main Board
DANLAW,Danlaw Technologies India Ltd,810.33,532329,small_micro,BSE,BSE Main Board+BSE SME
ECORECO,Eco Recycling Limited,813.74,530643,small_micro,NSE+BSE,BSE Main Board+BSE SME+NSE Main Board
IFBAGRO,IFB Agro Industries Limited,814.05,507438,small_micro,NSE+BSE,BSE Main Board+BSE SME+NSE Main Board
HEXAGON,Hexagon Nutrition Limited,814.21,544785,small_micro,NSE+BSE,BSE Main Board+BSE SME+NSE Main Board
TANAA,Taneja Aerospace & Aviation Limited,815.51,522229,small_micro,NSE+BSE,BSE Main Board+BSE SME+NSE Main Board
GAUDIUMIVF,Gaudium IVF and Women Health Limited,817.03,544709,small_micro,NSE+BSE,BSE Main Board+BSE SME+NSE Main Board
PRADPME,Pradeep Metals Limited,819.81,513532,small_micro,NSE+BSE,BSE Main Board+BSE SME+NSE Main Board
QUICKHEAL,Quick Heal Technologies Limited,821.16,539678,small_micro,NSE+BSE,BSE Main Board+BSE SME+NSE Main Board
VISAKAIND,Visaka Industries Limited,821.45,509055,small_micro,NSE+BSE,BSE Main Board+BSE SME+NSE Main Board
BEEKAY,Beekay Steel Industries Limited,822.01,539018,small_micro,NSE+BSE,BSE Main Board+BSE SME+NSE Main Board
SEPC,SEPC Limited,826.35,532945,small_micro,NSE+BSE,BSE Main Board+BSE SME+NSE Main Board
CHEMCON,Chemcon Speciality Chemicals Limited,826.39,543233,small_micro,NSE+BSE,BSE Main Board+BSE SME+NSE Main Board
PREMIERPOL,Premier Polyfilm Limited,833.96,514354,small_micro,NSE+BSE,BSE Main Board+BSE SME+NSE Main Board
ROHLTD,Royal Orchid Hotels Limited,841.95,532699,small_micro,NSE+BSE,BSE Main Board+BSE SME+NSE Main Board
UNIFIED,Unified Data Tech Solutions Ltd,843.48,544406,small_micro,BSE,BSE Main Board+BSE SME
MUKKA,Mukka Proteins Limited,844.5,544135,small_micro,NSE+BSE,BSE Main Board+BSE SME+NSE Main Board
SHAHFOOD,Shah Foods Ltd,848.32,519031,small_micro,BSE,BSE Main Board+BSE SME
JTLDEFENCE,JTL Defence Ltd,848.47,537254,small_micro,BSE,BSE Main Board+BSE SME
MAXIND,Max India Limited,851.75,543223,small_micro,NSE+BSE,BSE Main Board+BSE SME+NSE Main Board
SALASAR,Salasar Techno Engineering Limited,853.0,540642,small_micro,NSE+BSE,BSE Main Board+BSE SME+NSE Main Board
SADHNANIQ,Sadhana Nitrochem Limited,859.76,506642,small_micro,NSE+BSE,BSE Main Board+BSE SME+NSE Main Board
ORICONENT,Oricon Enterprises Limited,860.94,513121,small_micro,NSE+BSE,BSE Main Board+BSE SME+NSE Main Board
REGAAL,Regaal Resources Limited,861.34,544485,small_micro,NSE+BSE,BSE Main Board+BSE SME+NSE Main Board
LIKHITHA,Likhitha Infrastructure Limited,861.79,543240,small_micro,NSE+BSE,BSE Main Board+BSE SME+NSE Main Board
SWELECTES,Swelect Energy Systems Limited,864.2,532051,small_micro,NSE+BSE,BSE Main Board+BSE SME+NSE Main Board
TOTEM,Forbes Precision Tools and Machine Parts Ltd,865.5,544186,small_micro,BSE,BSE Main Board+BSE SME
MCCHRLS-B,Mac Charles India Limited,870.2,507836,small_micro,NSE+BSE,BSE Main Board+BSE SME+NSE Main Board
RADHIKAJWE,Radhika Jeweltech Limited,872.14,540125,small_micro,NSE+BSE,BSE Main Board+BSE SME+NSE Main Board
WEALTH,Wealth First Portfolio Managers Limited,879.04,544536,small_micro,NSE+BSE,BSE Main Board+BSE SME+NSE Main Board
MAFATIND,Mafatlal Industries Limited,879.5,500264,small_micro,NSE+BSE,BSE Main Board+BSE SME+NSE Main Board
NEETUYOSHI,Neetu Yoshi Ltd,883.37,544434,small_micro,BSE,BSE Main Board+BSE SME
AMAL,Amal Limited,890.73,506597,small_micro,NSE+BSE,BSE Main Board+BSE SME+NSE Main Board
UNIABEXAL,Uni Abex Alloy Products Ltd,895.18,504605,small_micro,BSE,BSE Main Board+BSE SME
VELJAN,Veljan Denison Limited,897.75,505232,small_micro,NSE+BSE,BSE Main Board+BSE SME+NSE Main Board
HEXATRADEX,Hexa Tradex Limited,898.28,534328,small_micro,NSE+BSE,BSE Main Board+BSE SME+NSE Main Board
ARIHANTCAP,Arihant Capital Markets Limited,898.82,511605,small_micro,NSE+BSE,BSE Main Board+BSE SME+NSE Main Board
VADILENT,Vadilal Enterprises Limited,900.28,519152,small_micro,NSE+BSE,BSE Main Board+BSE SME+NSE Main Board
BSHSL,Bombay Super Hybrid Seeds Limited,905.29,544757,small_micro,NSE+BSE,BSE Main Board+BSE SME+NSE Main Board
ESTER,Ester Industries Limited,908.72,500136,small_micro,NSE+BSE,BSE Main Board+BSE SME+NSE Main Board
GANESHBE,Ganesh Benzoplast Limited,910.67,500153,small_micro,NSE+BSE,BSE Main Board+BSE SME+NSE Main Board
KRYSTAL,Krystal Integrated Services Limited,912.09,544149,small_micro,NSE+BSE,BSE Main Board+BSE SME+NSE Main Board
UNIECOM,Unicommerce Esolutions Limited,912.97,544227,small_micro,NSE+BSE,BSE Main Board+BSE SME+NSE Main Board
SUDARCOLOR,Sudarshan Colorants India Limited,923.27,506390,small_micro,NSE+BSE,BSE Main Board+BSE SME+NSE Main Board
SGRL,Shree Ganesh Remedies Limited,923.34,540737,small_micro,NSE+BSE,BSE Main Board+BSE SME+NSE Main Board
BRRL,B-Right Realestate Ltd,923.61,543543,small_micro,BSE,BSE Main Board+BSE SME
SGIL,Synergy Green Industries Limited,926.36,541929,small_micro,NSE+BSE,BSE Main Board+BSE SME+NSE Main Board
AMBIKCO,Ambika Cotton Mills Limited,926.79,531978,small_micro,NSE+BSE,BSE Main Board+BSE SME+NSE Main Board
KALYANI,Kalyani Commercials Limited,928.58,544023,small_micro,NSE+BSE,BSE Main Board+BSE SME+NSE Main Board
PDMJEPAPER,Pudumjee Paper Products Limited,932.41,539785,small_micro,NSE+BSE,BSE Main Board+BSE SME+NSE Main Board
NELCAST,Nelcast Limited,935.7,532864,small_micro,NSE+BSE,BSE Main Board+BSE SME+NSE Main Board
ANUHPHR,Anuh Pharma Limited,936.99,506260,small_micro,NSE+BSE,BSE Main Board+BSE SME+NSE Main Board
BEEZAASAN,Beezaasan Explotech Ltd,937.97,544369,small_micro,BSE,BSE Main Board+BSE SME
EXCELSOFT,Excelsoft Technologies Limited,941.27,544617,small_micro,NSE+BSE,BSE Main Board+BSE SME+NSE Main Board
AMNPLST,Amines & Plasticizers Limited,943.04,506248,small_micro,NSE+BSE,BSE Main Board+BSE SME+NSE Main Board
HEALTHX,Health X Platform Limited,943.5,533259,small_micro,NSE+BSE,BSE Main Board+BSE SME+NSE Main Board
ZUARI,Zuari Agro Chemicals Limited,944.2,534742,small_micro,NSE+BSE,BSE Main Board+BSE SME+NSE Main Board
IIRM,IIRM Holdings India Ltd,945.84,526530,small_micro,BSE,BSE Main Board+BSE SME
DHARMAJ,Dharmaj Crop Guard Limited,949.2,543687,small_micro,NSE+BSE,BSE Main Board+BSE SME+NSE Main Board
PERVASIVE,Pervasive Commodities Ltd,952.31,517172,small_micro,BSE,BSE Main Board+BSE SME
CONTROLPR,Control Print Limited,953.34,522295,small_micro,NSE+BSE,BSE Main Board+BSE SME+NSE Main Board
INDOAMIN,Indo Amines Limited,965.05,524648,small_micro,NSE+BSE,BSE Main Board+BSE SME+NSE Main Board
SRM,SRM Contractors Limited,967.1,544158,small_micro,NSE+BSE,BSE Main Board+BSE SME+NSE Main Board
SALZERELEC,Salzer Electronics Limited,967.51,517059,small_micro,NSE+BSE,BSE Main Board+BSE SME+NSE Main Board
DAMCAPITAL,Dam Capital Advisors Limited,971.93,544316,small_micro,NSE+BSE,BSE Main Board+BSE SME+NSE Main Board
RAJOOENG,Rajoo Engineers Limited,978.78,522257,small_micro,NSE+BSE,BSE Main Board+BSE SME+NSE Main Board
UTTAMSUGAR,Uttam Sugar Mills Limited,979.01,532729,small_micro,NSE+BSE,BSE Main Board+BSE SME+NSE Main Board
WCIL,Western Carriers (India) Limited,980.61,544258,small_micro,NSE+BSE,BSE Main Board+BSE SME+NSE Main Board
MADRASFERT,Madras Fertilizers Limited,984.17,590134,small_micro,NSE+BSE,BSE Main Board+BSE SME+NSE Main Board
BCLIND,Bcl Industries Limited,984.96,524332,small_micro,NSE+BSE,BSE Main Board+BSE SME+NSE Main Board
RMDRIP,R M Drip and Sprinklers Systems Limited,987.07,544456,small_micro,NSE+BSE,BSE Main Board+BSE SME+NSE Main Board
SHREDIGCEM,Shree Digvijay Cement Co.Ltd,991.62,502180,small_micro,NSE+BSE,BSE Main Board+BSE SME+NSE Main Board
DVL,Dhunseri Ventures Limited,991.9,523736,small_micro,NSE+BSE,BSE Main Board+BSE SME+NSE Main Board
ARIHANTSUP,Arihant Superstructures Limited,992.37,506194,small_micro,NSE+BSE,BSE Main Board+BSE SME+NSE Main Board
MAMATA,Mamata Machinery Limited,996.0,544318,small_micro,NSE+BSE,BSE Main Board+BSE SME+NSE Main Board
SUDARSHAN,Sudarshan Pharma Industries Ltd,997.14,543828,small_micro,BSE,BSE Main Board+BSE SME
VHLTD,Viceroy Hotels Limited,997.78,523796,small_micro,NSE+BSE,BSE Main Board+BSE SME+NSE Main Board
FINKURVE,Finkurve Financial Services Limited,1001.61,508954,extended_micro,NSE+BSE,BSE Main Board+BSE SME+NSE Main Board
NAHARSPING,Nahar Spinning Mills Limited,1006.22,500296,extended_micro,NSE+BSE,BSE Main Board+BSE SME+NSE Main Board
TNPL,Tamil Nadu Newsprint & Papers Limited,1007.36,531426,extended_micro,NSE+BSE,BSE Main Board+BSE SME+NSE Main Board
JYOTIRES,Jyoti Resins & Adhesives Limited,1009.74,514448,extended_micro,NSE+BSE,BSE Main Board+BSE SME+NSE Main Board
PRIMESECU,Prime Securities Limited,1011.96,500337,extended_micro,NSE+BSE,BSE Main Board+BSE SME+NSE Main Board
HITECHGEAR,The Hi-Tech Gears Limited,1016.28,522073,extended_micro,NSE+BSE,BSE Main Board+BSE SME+NSE Main Board
JPOLYINVST,Jindal Poly Investment and Finance Company Limited,1019.71,536773,extended_micro,NSE+BSE,BSE Main Board+BSE SME+NSE Main Board
VIKRAMTH,Vikram Thermo India Ltd,1027.13,530477,extended_micro,BSE,BSE Main Board+BSE SME
META,String Metaverse Ltd,1027.16,534535,extended_micro,BSE,BSE Main Board+BSE SME
AFSL,Abans Financial Services Limited,1027.22,543712,extended_micro,NSE+BSE,BSE Main Board+BSE SME+NSE Main Board
BUTTERFLY,Butterfly Gandhimathi Appliances Limited,1027.36,517421,extended_micro,NSE+BSE,BSE Main Board+BSE SME+NSE Main Board
WEL,Wonder Electricals Limited,1028.91,543449,extended_micro,NSE+BSE,BSE Main Board+BSE SME+NSE Main Board
AWHCL,Antony Waste Handling Cell Limited,1034.1,543254,extended_micro,NSE+BSE,BSE Main Board+BSE SME+NSE Main Board
SEKURITIND,Saint Gobain Sekurit India Limited,1034.51,515043,extended_micro,NSE+BSE,BSE Main Board+BSE SME+NSE Main Board
INDPRUD,Industrial & Prudential Investment Company Limited,1035.67,501298,extended_micro,NSE+BSE,BSE Main Board+BSE SME+NSE Main Board
SURAJEST,Suraj Estate Developers Limited,1035.73,544054,extended_micro,NSE+BSE,BSE Main Board+BSE SME+NSE Main Board
SYSTMTXC,Systematix Corporate Services Limited,1035.78,526506,extended_micro,NSE+BSE,BSE Main Board+BSE SME+NSE Main Board
CREST,Crest Ventures Limited,1039.41,511413,extended_micro,NSE+BSE,BSE Main Board+BSE SME+NSE Main Board
DHAMPURSUG,Dhampur Sugar Mills Limited,1039.84,500119,extended_micro,NSE+BSE,BSE Main Board+BSE SME+NSE Main Board
ARIHANT,Arihant Foundations & Housing Limited,1040.25,531381,extended_micro,NSE+BSE,BSE Main Board+BSE SME+NSE Main Board
UNITEDPOLY,United Polyfab Gujarat Limited,1041.54,544756,extended_micro,NSE+BSE,BSE Main Board+BSE SME+NSE Main Board
ACGL,Automobile Corporation of Goa Limited,1047.15,505036,extended_micro,NSE+BSE,BSE Main Board+BSE SME+NSE Main Board
KRISHIVAL,Krishival Foods Limited,1048.69,544416,extended_micro,NSE+BSE,BSE Main Board+BSE SME+NSE Main Board
ONEGLOBAL,One Global Service Provider Limited,1050.34,514330,extended_micro,NSE+BSE,BSE Main Board+BSE SME+NSE Main Board
BIRLANU,BirlaNu Limited,1051.58,509675,extended_micro,NSE+BSE,BSE Main Board+BSE SME+NSE Main Board
MVGJL,Manoj Vaibhav Gems N Jewellers Limited,1051.93,543995,extended_micro,NSE+BSE,BSE Main Board+BSE SME+NSE Main Board
HARAFIN,Haryana Financial Corporation Ltd,1052.65,530927,extended_micro,BSE,BSE Main Board+BSE SME
JARO,Jaro Institute of Technology Management and Research Limited,1056.73,544534,extended_micro,NSE+BSE,BSE Main Board+BSE SME+NSE Main Board
GULPOLY,Gulshan Polyols Limited,1057.18,532457,extended_micro,NSE+BSE,BSE Main Board+BSE SME+NSE Main Board
MUNJALAU,Munjal Auto Industries Limited,1059.0,520059,extended_micro,NSE+BSE,BSE Main Board+BSE SME+NSE Main Board
FAZE3Q,Faze Three Limited,1059.18,530079,extended_micro,NSE+BSE,BSE Main Board+BSE SME+NSE Main Board
SUNSHIEL,Sunshield Chemicals Limited,1059.95,530845,extended_micro,NSE+BSE,BSE Main Board+BSE SME+NSE Main Board
GRPLTD,GRP Limited,1061.33,509152,extended_micro,NSE+BSE,BSE Main Board+BSE SME+NSE Main Board
ASGARD,Asgard Alcobev Ltd,1061.39,512025,extended_micro,BSE,BSE Main Board+BSE SME
GREENPOWER,Orient Green Power Company Limited,1061.59,533263,extended_micro,NSE+BSE,BSE Main Board+BSE SME+NSE Main Board
WAAREEINDO,Indosolar Limited,1063.81,533257,extended_micro,NSE+BSE,BSE Main Board+BSE SME+NSE Main Board
CENTRUM,Centrum Capital Limited,1064.7,501150,extended_micro,NSE+BSE,BSE Main Board+BSE SME+NSE Main Board
BPLPHARMA,Bharat Parenterals Limited,1064.81,541096,extended_micro,NSE+BSE,BSE Main Board+BSE SME+NSE Main Board
BOROSCI,Borosil Scientific Limited,1066.53,544184,extended_micro,NSE+BSE,BSE Main Board+BSE SME+NSE Main Board
VHL,Vardhman Holdings Limited,1067.31,500439,extended_micro,NSE+BSE,BSE Main Board+BSE SME+NSE Main Board
RIIL,Reliance Industrial Infrastructure Limited,1067.65,523445,extended_micro,NSE+BSE,BSE Main Board+BSE SME+NSE Main Board
NRAIL,N R Agarwal Industries Limited,1069.57,516082,extended_micro,NSE+BSE,BSE Main Board+BSE SME+NSE Main Board
LAXMIDENTL,Laxmi Dental Limited,1071.42,544339,extended_micro,NSE+BSE,BSE Main Board+BSE SME+NSE Main Board
ADCINDIA,ADC India Communications Ltd,1072.67,523411,extended_micro,BSE,BSE Main Board+BSE SME
MASTERTR,Master Trust Limited,1075.16,511768,extended_micro,NSE+BSE,BSE Main Board+BSE SME+NSE Main Board
SRHHYPOLTD,Sree Rayalaseema Hi-Strength Hypo Limited,1076.92,532842,extended_micro,NSE+BSE,BSE Main Board+BSE SME+NSE Main Board
INDIAHOMES,India Homes Ltd,1077.61,513361,extended_micro,BSE,BSE Main Board+BSE SME
UNITECH,Unitech Limited,1079.84,507878,extended_micro,NSE+BSE,BSE Main Board+BSE SME+NSE Main Board
ORIENTTECH,Orient Technologies Limited,1080.56,544235,extended_micro,NSE+BSE,BSE Main Board+BSE SME+NSE Main Board
JYOTISTRUC,Jyoti Structures Limited,1086.23,513250,extended_micro,NSE+BSE,BSE Main Board+BSE SME+NSE Main Board
TCC,TCC Concept Limited,1088.39,512038,extended_micro,NSE+BSE,BSE Main Board+BSE SME+NSE Main Board
RSWM,RSWM Limited,1091.11,500350,extended_micro,NSE+BSE,BSE Main Board+BSE SME+NSE Main Board
RUPA,Rupa & Company Limited,1094.26,533552,extended_micro,NSE+BSE,BSE Main Board+BSE SME+NSE Main Board
APEX,Apex Frozen Foods Limited,1097.81,540692,extended_micro,NSE+BSE,BSE Main Board+BSE SME+NSE Main Board
SUBEXLTD,Subex Limited,1102.65,532348,extended_micro,NSE+BSE,BSE Main Board+BSE SME+NSE Main Board
GANDHITUBE,Gandhi Special Tubes Limited,1104.31,513108,extended_micro,NSE+BSE,BSE Main Board+BSE SME+NSE Main Board
MONTECARLO,Monte Carlo Fashions Limited,1108.23,538836,extended_micro,NSE+BSE,BSE Main Board+BSE SME+NSE Main Board
PRECAM,Precision Camshafts Limited,1110.86,539636,extended_micro,NSE+BSE,BSE Main Board+BSE SME+NSE Main Board
FOSECOC,Foseco Crucible (India) Ltd,1111.12,523160,extended_micro,BSE,BSE Main Board+BSE SME
HARIOMPIPE,Hariom Pipe Industries Limited,1114.05,543517,extended_micro,NSE+BSE,BSE Main Board+BSE SME+NSE Main Board
IRMENERGY,IRM Energy Limited,1115.18,544004,extended_micro,NSE+BSE,BSE Main Board+BSE SME+NSE Main Board
EKC,Everest Kanto Cylinder Limited,1120.95,532684,extended_micro,NSE+BSE,BSE Main Board+BSE SME+NSE Main Board
FINOPB,Fino Payments Bank Limited,1123.45,543386,extended_micro,NSE+BSE,BSE Main Board+BSE SME+NSE Main Board
ROBU,Macfos Ltd,1125.14,543787,extended_micro,BSE,BSE Main Board+BSE SME
BAJAJHCARE,Bajaj Healthcare Limited,1131.15,539872,extended_micro,NSE+BSE,BSE Main Board+BSE SME+NSE Main Board
SULA,Sula Vineyards Limited,1133.28,543711,extended_micro,NSE+BSE,BSE Main Board+BSE SME+NSE Main Board
JINDALPHOT,Jindal Photo Limited,1134.93,532624,extended_micro,NSE+BSE,BSE Main Board+BSE SME+NSE Main Board
MATRIMONY,Matrimony.Com Limited,1135.38,540704,extended_micro,NSE+BSE,BSE Main Board+BSE SME+NSE Main Board
SUNRAKSHAK,Sunrakshakk Industries India Limited,1138.26,539300,extended_micro,NSE+BSE,BSE Main Board+BSE SME+NSE Main Board
ZSARACOM,Saraswati Commercial India Limited,1138.44,512020,extended_micro,NSE+BSE,BSE Main Board+BSE SME+NSE Main Board
RAJRILTD,Raj Rayon Industries Limited,1140.53,530699,extended_micro,NSE+BSE,BSE Main Board+BSE SME+NSE Main Board
THEMISMED,Themis Medicare Limited,1142.5,530199,extended_micro,NSE+BSE,BSE Main Board+BSE SME+NSE Main Board
BALAJITELE,Balaji Telefilms Limited,1143.08,532382,extended_micro,NSE+BSE,BSE Main Board+BSE SME+NSE Main Board
GAYAPROJ,Gayatri Projects Limited,1144.03,532767,extended_micro,NSE+BSE,BSE Main Board+BSE SME+NSE Main Board
TGVSL,TGV Sraac Limited,1144.79,507753,extended_micro,NSE+BSE,BSE Main Board+BSE SME+NSE Main Board
INDOSMC,INDO SMC Ltd,1148.82,544681,extended_micro,BSE,BSE Main Board+BSE SME
BMW,BMW Industries Ltd,1156.27,542669,extended_micro,BSE,BSE Main Board+BSE SME
PLATIND,Platinum Industries Limited,1160.84,544134,extended_micro,NSE+BSE,BSE Main Board+BSE SME+NSE Main Board
AKCAPIT,AK Capital Services Limited,1161.11,530499,extended_micro,NSE+BSE,BSE Main Board+BSE SME+NSE Main Board
ARIS,Arisinfra Solutions Limited,1163.11,544419,extended_micro,NSE+BSE,BSE Main Board+BSE SME+NSE Main Board
DHANBANK,Dhanlaxmi Bank Limited,1163.97,532180,extended_micro,NSE+BSE,BSE Main Board+BSE SME+NSE Main Board
BIRLACABLE,Birla Cable Limited,1164.3,500060,extended_micro,NSE+BSE,BSE Main Board+BSE SME+NSE Main Board
ELECTHERM,Electrotherm (India) Limited,1164.31,526608,extended_micro,NSE+BSE,BSE Main Board+BSE SME+NSE Main Board
BLKASHYAP,B. L. Kashyap and Sons Limited,1167.1,532719,extended_micro,NSE+BSE,BSE Main Board+BSE SME+NSE Main Board
BHARATWIRE,Bharat Wire Ropes Limited,1173.44,539799,extended_micro,NSE+BSE,BSE Main Board+BSE SME+NSE Main Board
TNPETRO,Tamilnadu PetroProducts Limited,1175.03,500777,extended_micro,NSE+BSE,BSE Main Board+BSE SME+NSE Main Board
DOLATALGO,Dolat Algotech Limited,1175.86,505526,extended_micro,NSE+BSE,BSE Main Board+BSE SME+NSE Main Board
ROTO,Roto Pumps Limited,1182.31,517500,extended_micro,NSE+BSE,BSE Main Board+BSE SME+NSE Main Board
COSMICCRF,Cosmic CRF Ltd,1183.46,543928,extended_micro,BSE,BSE Main Board+BSE SME
VALIANTORG,Valiant Organics Limited,1185.58,540145,extended_micro,NSE+BSE,BSE Main Board+BSE SME+NSE Main Board
PRANAV,Pranav Constructions Limited,1186.48,544909,extended_micro,NSE+BSE,BSE Main Board+BSE SME+NSE Main Board
SIGACHI,Sigachi Industries Limited,1189.15,543389,extended_micro,NSE+BSE,BSE Main Board+BSE SME+NSE Main Board
ASTAR,Asian Star Company Limited,1189.63,531847,extended_micro,NSE+BSE,BSE Main Board+BSE SME+NSE Main Board
ALLDIGI,Alldigi Tech Limited,1190.65,532633,extended_micro,NSE+BSE,BSE Main Board+BSE SME+NSE Main Board
JAYBARMARU,Jay Bharat Maruti Limited,1190.75,520066,extended_micro,NSE+BSE,BSE Main Board+BSE SME+NSE Main Board
KAMDHENU,Kamdhenu Limited,1195.47,532741,extended_micro,NSE+BSE,BSE Main Board+BSE SME+NSE Main Board
HMAAGRO,HMA Agro Industries Limited,1197.34,543929,extended_micro,NSE+BSE,BSE Main Board+BSE SME+NSE Main Board
JOJO,JOJO Ltd,1198.1,531910,extended_micro,BSE,BSE Main Board+BSE SME
SALSTEEL,S.A.L. Steel Limited,1200.7,532604,extended_micro,NSE+BSE,BSE Main Board+BSE SME+NSE Main Board
EXCELINDUS,Excel Industries Limited,1200.88,500650,extended_micro,NSE+BSE,BSE Main Board+BSE SME+NSE Main Board
SKMEGGPROD,SKM Egg Products Export (India) Limited,1207.76,532143,extended_micro,NSE+BSE,BSE Main Board+BSE SME+NSE Main Board
3BBLACKBIO,3B Blackbio Dx Limited,1208.14,532067,extended_micro,NSE+BSE,BSE Main Board+BSE SME+NSE Main Board
ALICON,Alicon Castalloy Limited,1211.19,531147,extended_micro,NSE+BSE,BSE Main Board+BSE SME+NSE Main Board
IVALUE,Ivalue Infosolutions Limited,1212.52,544523,extended_micro,NSE+BSE,BSE Main Board+BSE SME+NSE Main Board
KALAMANDIR,Sai Silks (Kalamandir) Limited,1213.13,543989,extended_micro,NSE+BSE,BSE Main Board+BSE SME+NSE Main Board
LINCOLN,Lincoln Pharmaceuticals Limited,1213.3,531633,extended_micro,NSE+BSE,BSE Main Board+BSE SME+NSE Main Board
SOLARWORLD,Solarworld Energy Solutions Limited,1220.78,544532,extended_micro,NSE+BSE,BSE Main Board+BSE SME+NSE Main Board
SHRIRAMPPS,Shriram Properties Limited,1224.45,543419,extended_micro,NSE+BSE,BSE Main Board+BSE SME+NSE Main Board
COMSYN,Commercial Syn Bags Limited,1228.73,539986,extended_micro,NSE+BSE,BSE Main Board+BSE SME+NSE Main Board
STEL,Stel Holdings Limited,1235.59,533316,extended_micro,NSE+BSE,BSE Main Board+BSE SME+NSE Main Board
GHCLTEXTIL,GHCL Textiles Limited,1239.27,543918,extended_micro,NSE+BSE,BSE Main Board+BSE SME+NSE Main Board
GODAVARIB,Godavari Biorefineries Limited,1240.76,544279,extended_micro,NSE+BSE,BSE Main Board+BSE SME+NSE Main Board
SVRL,Shri Venkatesh Refineries Ltd,1241.0,543373,extended_micro,BSE,BSE Main Board+BSE SME
NIITLTD,NIIT Limited,1241.16,500304,extended_micro,NSE+BSE,BSE Main Board+BSE SME+NSE Main Board
ATULAUTO,Atul Auto Limited,1241.18,531795,extended_micro,NSE+BSE,BSE Main Board+BSE SME+NSE Main Board
FEDDERSHOL,Fedders Holding Limited,1245.35,511628,extended_micro,NSE+BSE,BSE Main Board+BSE SME+NSE Main Board
DIGITIDE,Digitide Solutions Limited,1246.1,544413,extended_micro,NSE+BSE,BSE Main Board+BSE SME+NSE Main Board
CENTENKA,Century Enka Limited,1249.64,500280,extended_micro,NSE+BSE,BSE Main Board+BSE SME+NSE Main Board
ONIXSOLAR,Onix Solar Energy Limited,1249.82,513119,extended_micro,NSE+BSE,BSE Main Board+BSE SME+NSE Main Board
KELENRG,KELTECH Energies Ltd,1251.86,506528,extended_micro,BSE,BSE Main Board+BSE SME
MOM50,Motilal Oswal Nifty 50 ETF,1261.23,590115,extended_micro,BSE,BSE Main Board+BSE SME
DEN,Den Networks Limited,1263.69,533137,extended_micro,NSE+BSE,BSE Main Board+BSE SME+NSE Main Board
MWL,Mangalam Worldwide Limited,1264.06,544764,extended_micro,NSE+BSE,BSE Main Board+BSE SME+NSE Main Board
PASHUPATI,Pashupati Cotspin Limited,1266.67,544448,extended_micro,NSE+BSE,BSE Main Board+BSE SME+NSE Main Board
ULTRAMAR,Ultramarine & Pigments Limited,1267.72,506685,extended_micro,NSE+BSE,BSE Main Board+BSE SME+NSE Main Board
ONIDA,Onida Electronics Limited,1270.71,500279,extended_micro,NSE+BSE,BSE Main Board+BSE SME+NSE Main Board
CAPITALSFB,Capital Small Finance Bank Limited,1275.98,544120,extended_micro,NSE+BSE,BSE Main Board+BSE SME+NSE Main Board
UGROCAP,Ugro Capital Limited,1280.66,511742,extended_micro,NSE+BSE,BSE Main Board+BSE SME+NSE Main Board
ANDHRSUGAR,The Andhra Sugars Limited,1288.13,590062,extended_micro,NSE+BSE,BSE Main Board+BSE SME+NSE Main Board
ANDREWYU,Andrew Yule & Company Limited,1293.76,526173,extended_micro,NSE+BSE,BSE Main Board+BSE SME+NSE Main Board
GYFTR,Gyftr Limited,1296.91,507912,extended_micro,NSE+BSE,BSE Main Board+BSE SME+NSE Main Board
ASALCBR,Associated Alcohols & Breweries Ltd.,1308.86,507526,extended_micro,NSE+BSE,BSE Main Board+BSE SME+NSE Main Board
DSSL,Dynacons Systems & Solutions Limited,1313.7,532365,extended_micro,NSE+BSE,BSE Main Board+BSE SME+NSE Main Board
EIMCOELECO,Eimco Elecon (India) Limited,1320.99,523708,extended_micro,NSE+BSE,BSE Main Board+BSE SME+NSE Main Board
ARROWGREEN,Arrow Greentech Limited,1322.91,516064,extended_micro,NSE+BSE,BSE Main Board+BSE SME+NSE Main Board
UDS,Updater Services Limited,1327.01,543996,extended_micro,NSE+BSE,BSE Main Board+BSE SME+NSE Main Board
NINSYS,NINtec Systems Limited,1327.07,539843,extended_micro,NSE+BSE,BSE Main Board+BSE SME+NSE Main Board
PUNJABCHEM,Punjab Chemicals & Crop Protection Limited,1328.24,506618,extended_micro,NSE+BSE,BSE Main Board+BSE SME+NSE Main Board
AIRFLOA,Airfloa Rail Technology Ltd,1333.57,544516,extended_micro,BSE,BSE Main Board+BSE SME
BHARATSE,Bharat Seats Limited,1335.44,523229,extended_micro,NSE+BSE,BSE Main Board+BSE SME+NSE Main Board
IGARASHI,Igarashi Motors India Limited,1337.22,517380,extended_micro,NSE+BSE,BSE Main Board+BSE SME+NSE Main Board
GALAPREC,Gala Precision Engineering Limited,1338.14,544244,extended_micro,NSE+BSE,BSE Main Board+BSE SME+NSE Main Board
NAVKARCORP,Navkar Corporation Limited,1338.27,539332,extended_micro,NSE+BSE,BSE Main Board+BSE SME+NSE Main Board
IMPAL,India Motor Parts and Accessories Limited,1338.6,590065,extended_micro,NSE+BSE,BSE Main Board+BSE SME+NSE Main Board
SUNSHINE,Sunshine Pictures Limited,1339.24,544881,extended_micro,NSE+BSE,BSE Main Board+BSE SME+NSE Main Board
ELITECON,Elitecon International Limited,1339.54,539533,extended_micro,NSE+BSE,BSE Main Board+BSE SME+NSE Main Board
DCW,DCW Limited,1342.37,500117,extended_micro,NSE+BSE,BSE Main Board+BSE SME+NSE Main Board
SDBL,Som Distilleries & Breweries Limited,1343.85,507514,extended_micro,NSE+BSE,BSE Main Board+BSE SME+NSE Main Board
SHANKESH,Shankesh Jewellers Limited,1346.22,544882,extended_micro,NSE+BSE,BSE Main Board+BSE SME+NSE Main Board
HYPERSOFT,Hypersoft Technologies Ltd,1350.38,539724,extended_micro,BSE,BSE Main Board+BSE SME
ALLTIME,All Time Plastics Limited,1351.75,544479,extended_micro,NSE+BSE,BSE Main Board+BSE SME+NSE Main Board
GPTHEALTH,GPT Healthcare Limited,1353.49,544131,extended_micro,NSE+BSE,BSE Main Board+BSE SME+NSE Main Board
AGL,Allcargo Global Limited,1355.26,544602,extended_micro,NSE+BSE,BSE Main Board+BSE SME+NSE Main Board
JAGRAN,Jagran Prakashan Limited,1358.38,532705,extended_micro,NSE+BSE,BSE Main Board+BSE SME+NSE Main Board
SPIC,Southern Petrochemicals Industries Corporation  Limited,1359.3,590030,extended_micro,NSE+BSE,BSE Main Board+BSE SME+NSE Main Board
WALCHANNAG,Walchandnagar Industries Limited,1365.9,507410,extended_micro,NSE+BSE,BSE Main Board+BSE SME+NSE Main Board
KOPRAN,Kopran Limited,1366.72,524280,extended_micro,NSE+BSE,BSE Main Board+BSE SME+NSE Main Board
EXPLEOSOL,Expleo Solutions Limited,1366.9,533121,extended_micro,NSE+BSE,BSE Main Board+BSE SME+NSE Main Board
RAJESH,Rajesh Power Services Ltd,1367.93,544291,extended_micro,BSE,BSE Main Board+BSE SME
INVPRECQ,Investment & Precision Castings Limited,1370.1,504786,extended_micro,NSE+BSE,BSE Main Board+BSE SME+NSE Main Board
AVTNPL,AVT Natural Products Limited,1373.14,519105,extended_micro,NSE+BSE,BSE Main Board+BSE SME+NSE Main Board
PNBGILTS,PNB Gilts Limited,1383.92,532366,extended_micro,NSE+BSE,BSE Main Board+BSE SME+NSE Main Board
SHREEREF,Shree Refrigerations Ltd,1385.32,544458,extended_micro,BSE,BSE Main Board+BSE SME
AEROENTER,Aeroflex Enterprises Limited,1386.26,511076,extended_micro,NSE+BSE,BSE Main Board+BSE SME+NSE Main Board
FRONTSP,Frontier Springs Limited,1386.91,522195,extended_micro,NSE+BSE,BSE Main Board+BSE SME+NSE Main Board
SOBME,Sobhagya Mercantile Ltd,1388.47,512014,extended_micro,BSE,BSE Main Board+BSE SME
IZMO,IZMO Limited,1392.42,532341,extended_micro,NSE+BSE,BSE Main Board+BSE SME+NSE Main Board
RAMBHAJO,Advit Jewels Limited,1392.62,544803,extended_micro,NSE+BSE,BSE Main Board+BSE SME+NSE Main Board
FERMENTA,Fermenta Biotech Limited,1395.91,506414,extended_micro,NSE+BSE,BSE Main Board+BSE SME+NSE Main Board
BIL,Bhartiya International Limited,1400.05,526666,extended_micro,NSE+BSE,BSE Main Board+BSE SME+NSE Main Board
AHCL,Anlon Healthcare Limited,1403.2,544497,extended_micro,NSE+BSE,BSE Main Board+BSE SME+NSE Main Board
BENARAS,Benares Hotels Limited,1403.72,509438,extended_micro,NSE+BSE,BSE Main Board+BSE SME+NSE Main Board
MBECL,Mcnally Bharat Engineering Company Limited,1405.13,532629,extended_micro,NSE+BSE,BSE Main Board+BSE SME+NSE Main Board
PPEL,Poojaa Precision Engg. Ltd,1418.98,544844,extended_micro,BSE,BSE Main Board+BSE SME
SPMLINFRA,SPML Infra Limited,1425.38,500402,extended_micro,NSE+BSE,BSE Main Board+BSE SME+NSE Main Board
IFGLEXPOR,IFGL Refractories Limited,1427.16,540774,extended_micro,NSE+BSE,BSE Main Board+BSE SME+NSE Main Board
STEELXIND,STEEL EXCHANGE INDIA LIMITED,1434.96,534748,extended_micro,NSE+BSE,BSE Main Board+BSE SME+NSE Main Board
BELDING,Belding India Ltd,1436.95,513307,extended_micro,BSE,BSE Main Board+BSE SME
MANAKCOAT,Manaksia Coated Metals & Industries Limited,1440.09,539046,extended_micro,NSE+BSE,BSE Main Board+BSE SME+NSE Main Board
PANORAMA,Panorama Studios International Limited,1442.59,539469,extended_micro,NSE+BSE,BSE Main Board+BSE SME+NSE Main Board
SIGNPOST,Signpost India Limited,1442.62,544117,extended_micro,NSE+BSE,BSE Main Board+BSE SME+NSE Main Board
GKSL,Gujarat Kidney And Super Speciality Limited,1444.01,544666,extended_micro,NSE+BSE,BSE Main Board+BSE SME+NSE Main Board
SPICEJET,Spicejet Ltd,1445.22,500285,extended_micro,BSE,BSE Main Board+BSE SME
ANDHRAPAP,ANDHRA PAPER LIMITED,1447.43,502330,extended_micro,NSE+BSE,BSE Main Board+BSE SME+NSE Main Board
GTLINFRA,GTL Infrastructure Limited,1447.64,532775,extended_micro,NSE+BSE,BSE Main Board+BSE SME+NSE Main Board
AMRUTANJAN,Amrutanjan Health Care Limited,1448.23,590006,extended_micro,NSE+BSE,BSE Main Board+BSE SME+NSE Main Board
VIKRAN,Vikran Engineering Limited,1450.23,544496,extended_micro,NSE+BSE,BSE Main Board+BSE SME+NSE Main Board
TEXINFRA,Texmaco Infrastructure & Holdings Limited,1453.3,505400,extended_micro,NSE+BSE,BSE Main Board+BSE SME+NSE Main Board
MBEL,M & B Engineering Limited,1454.17,544470,extended_micro,NSE+BSE,BSE Main Board+BSE SME+NSE Main Board
BHAGYANGR,Bhagyanagar India Limited,1460.61,512296,extended_micro,NSE+BSE,BSE Main Board+BSE SME+NSE Main Board
CLSEL,Chaman Lal Setia Exports Limited,1461.68,530307,extended_micro,NSE+BSE,BSE Main Board+BSE SME+NSE Main Board
AVADHSUGAR,Avadh Sugar & Energy Limited,1467.75,540649,extended_micro,NSE+BSE,BSE Main Board+BSE SME+NSE Main Board
KPGEL,KP Green Engineering Ltd,1468.0,544150,extended_micro,BSE,BSE Main Board+BSE SME
5PAISA,5Paisa Capital Limited,1469.76,540776,extended_micro,NSE+BSE,BSE Main Board+BSE SME+NSE Main Board
HINDWAREAP,Hindware Home Innovation Limited,1472.18,542905,extended_micro,NSE+BSE,BSE Main Board+BSE SME+NSE Main Board
MCLOUD,Magellanic Cloud Limited,1472.67,538891,extended_micro,NSE+BSE,BSE Main Board+BSE SME+NSE Main Board
INFOBEAN,InfoBeans Technologies Limited,1474.99,543644,extended_micro,NSE+BSE,BSE Main Board+BSE SME+NSE Main Board
MODISONLTD,MODISON LIMITED,1478.75,506261,extended_micro,NSE+BSE,BSE Main Board+BSE SME+NSE Main Board
RHETAN,Rhetan TMT Limited,1483.78,543590,extended_micro,NSE+BSE,BSE Main Board+BSE SME+NSE Main Board
CEINSYS,Ceinsys Tech Limited,1485.63,538734,extended_micro,NSE+BSE,BSE Main Board+BSE SME+NSE Main Board
MTNL,Mahanagar Telephone Nigam Limited,1488.06,500108,extended_micro,NSE+BSE,BSE Main Board+BSE SME+NSE Main Board
INDOBORAX,Indo Borax & Chemicals Limited,1490.42,524342,extended_micro,NSE+BSE,BSE Main Board+BSE SME+NSE Main Board
GNRL,Gujarat Natural Resources Limited,1491.53,513536,extended_micro,NSE+BSE,BSE Main Board+BSE SME+NSE Main Board
MANALIPETC,Manali Petrochemicals Limited,1492.09,500268,extended_micro,NSE+BSE,BSE Main Board+BSE SME+NSE Main Board
BLIL,Balmer Lawrie Investments Limited,1493.65,532485,extended_micro,NSE+BSE,BSE Main Board+BSE SME+NSE Main Board
MMWL,Media Matrix Worldwide Limited,1494.09,512267,extended_micro,NSE+BSE,BSE Main Board+BSE SME+NSE Main Board
SHALBY,Shalby Limited,1496.48,540797,extended_micro,NSE+BSE,BSE Main Board+BSE SME+NSE Main Board
GPTINFRA,GPT Infraprojects Limited,1496.79,533761,extended_micro,NSE+BSE,BSE Main Board+BSE SME+NSE Main Board
JAGSNPHARM,Jagsonpal Pharmaceuticals Limited,1497.56,507789,extended_micro,NSE+BSE,BSE Main Board+BSE SME+NSE Main Board
DLINKINDIA,D-Link (India) Limited,1511.62,533146,extended_micro,NSE+BSE,BSE Main Board+BSE SME+NSE Main Board
BGDL,Bharat Global Developers Ltd,1519.91,521238,extended_micro,BSE,BSE Main Board+BSE SME
TTKHLTCARE,TTK Healthcare Limited,1520.28,507747,extended_micro,NSE+BSE,BSE Main Board+BSE SME+NSE Main Board
YUKEN,Yuken India Limited,1520.8,522108,extended_micro,NSE+BSE,BSE Main Board+BSE SME+NSE Main Board
HITECH,Hi-Tech Pipes Limited,1520.87,543411,extended_micro,NSE+BSE,BSE Main Board+BSE SME+NSE Main Board
ASIANTILES,Asian Granito India Limited,1520.92,532888,extended_micro,NSE+BSE,BSE Main Board+BSE SME+NSE Main Board
MIIL,Meghna Infracon Infrastructure Limited,1525.22,538668,extended_micro,NSE+BSE,BSE Main Board+BSE SME+NSE Main Board
SUMMITSEC,Summit Securities Limited,1529.52,533306,extended_micro,NSE+BSE,BSE Main Board+BSE SME+NSE Main Board
ARDEE,Ardee Industries Limited,1534.4,544860,extended_micro,NSE+BSE,BSE Main Board+BSE SME+NSE Main Board
GCSL,Gretex Corporate Services Limited,1534.96,543324,extended_micro,NSE+BSE,BSE Main Board+BSE SME+NSE Main Board
ARFIN,Arfin India Limited,1537.57,539151,extended_micro,NSE+BSE,BSE Main Board+BSE SME+NSE Main Board
RUBYMILLS,The Ruby Mills Limited,1541.25,503169,extended_micro,NSE+BSE,BSE Main Board+BSE SME+NSE Main Board
RIR,RIR Power Electronics Limited,1546.49,517035,extended_micro,NSE+BSE,BSE Main Board+BSE SME+NSE Main Board
ASIANHOTNR,Asian Hotels (North) Limited,1552.92,500023,extended_micro,NSE+BSE,BSE Main Board+BSE SME+NSE Main Board
IPL,India Pesticides Limited,1553.56,543311,extended_micro,NSE+BSE,BSE Main Board+BSE SME+NSE Main Board
DOLLAR,Dollar Industries Limited,1561.11,541403,extended_micro,NSE+BSE,BSE Main Board+BSE SME+NSE Main Board
SESHAPAPER,Seshasayee Paper and Boards Limited,1561.88,502450,extended_micro,NSE+BSE,BSE Main Board+BSE SME+NSE Main Board
SURYODAY,Suryoday Small Finance Bank Limited,1562.46,543279,extended_micro,NSE+BSE,BSE Main Board+BSE SME+NSE Main Board
KOTIC,Kothari Industrial Corporation Limited,1563.62,509732,extended_micro,NSE+BSE,BSE Main Board+BSE SME+NSE Main Board
NITTAGELA,Nitta Gelatin India Limited,1567.15,506532,extended_micro,NSE+BSE,BSE Main Board+BSE SME+NSE Main Board
BHAGERIA,Bhageria Industries Limited,1574.03,530803,extended_micro,NSE+BSE,BSE Main Board+BSE SME+NSE Main Board
KPEL,K.P. Energy Limited,1574.27,539686,extended_micro,NSE+BSE,BSE Main Board+BSE SME+NSE Main Board
ONEPOINT,One Point One Solutions Limited,1578.67,544748,extended_micro,NSE+BSE,BSE Main Board+BSE SME+NSE Main Board
MOL,Meghmani Organics Limited,1580.05,543331,extended_micro,NSE+BSE,BSE Main Board+BSE SME+NSE Main Board
ASTEC,Astec LifeSciences Limited,1603.81,533138,extended_micro,NSE+BSE,BSE Main Board+BSE SME+NSE Main Board
VOEPL,Virtuoso Optoelectronics Limited,1612.49,543597,extended_micro,NSE+BSE,BSE Main Board+BSE SME+NSE Main Board
GOCOLORS,Go Fashion (India) Limited,1614.17,543401,extended_micro,NSE+BSE,BSE Main Board+BSE SME+NSE Main Board
PNGSREVA,PNGS Reva Diamond Jewellery Limited,1621.37,544718,extended_micro,NSE+BSE,BSE Main Board+BSE SME+NSE Main Board
PVP,PVP Ventures Limited,1623.62,517556,extended_micro,NSE+BSE,BSE Main Board+BSE SME+NSE Main Board
YATRA,Yatra Online Limited,1628.01,543992,extended_micro,NSE+BSE,BSE Main Board+BSE SME+NSE Main Board
SPANDANA,Spandana Sphoorty Financial Limited,1631.46,542759,extended_micro,NSE+BSE,BSE Main Board+BSE SME+NSE Main Board
IKIO,IKIO Technologies Limited,1636.42,543923,extended_micro,NSE+BSE,BSE Main Board+BSE SME+NSE Main Board
GOODYEAR,Goodyear India Limited,1638.41,500168,extended_micro,NSE+BSE,BSE Main Board+BSE SME+NSE Main Board
GARUDA,Garuda Construction and Engineering Limited,1643.12,544271,extended_micro,NSE+BSE,BSE Main Board+BSE SME+NSE Main Board
ALLCARGO,Allcargo Logistics Limited,1646.06,532749,extended_micro,NSE+BSE,BSE Main Board+BSE SME+NSE Main Board
MOBIKWIK,One Mobikwik Systems Limited,1646.6,544305,extended_micro,NSE+BSE,BSE Main Board+BSE SME+NSE Main Board
DELTACORP,Delta Corp Limited,1647.6,532848,extended_micro,NSE+BSE,BSE Main Board+BSE SME+NSE Main Board
CAPACITE,Capacit'e Infraprojects Limited,1651.05,540710,extended_micro,NSE+BSE,BSE Main Board+BSE SME+NSE Main Board
RSL,Rajputana Stainless Limited,1655.89,544731,extended_micro,NSE+BSE,BSE Main Board+BSE SME+NSE Main Board
SHREEPUSHK,Shree Pushkar Chemicals & Fertilisers Limited,1656.17,539334,extended_micro,NSE+BSE,BSE Main Board+BSE SME+NSE Main Board
KROSS,Kross Limited,1657.89,544253,extended_micro,NSE+BSE,BSE Main Board+BSE SME+NSE Main Board
DIFFNKG,Diffusion Engineers Limited,1662.29,544264,extended_micro,NSE+BSE,BSE Main Board+BSE SME+NSE Main Board
JAICORPLTD,Jai Corp Limited,1667.47,512237,extended_micro,NSE+BSE,BSE Main Board+BSE SME+NSE Main Board
VALIANT,Valiant Communications Ltd,1669.34,526775,extended_micro,BSE,BSE Main Board+BSE SME
JINDRILL,Jindal Drilling And Industries Limited,1670.76,511034,extended_micro,NSE+BSE,BSE Main Board+BSE SME+NSE Main Board
ACCELYA,Accelya Solutions India Limited,1672.19,532268,extended_micro,NSE+BSE,BSE Main Board+BSE SME+NSE Main Board
BFINVEST,BF Investment Limited,1672.44,533303,extended_micro,NSE+BSE,BSE Main Board+BSE SME+NSE Main Board
AURUM,Aurum PropTech Limited,1677.75,539289,extended_micro,NSE+BSE,BSE Main Board+BSE SME+NSE Main Board
TITANBIO,Titan Biotech Ltd,1684.76,524717,extended_micro,BSE,BSE Main Board+BSE SME
NGLFINE,NGL Fine-Chem Limited,1686.91,524774,extended_micro,NSE+BSE,BSE Main Board+BSE SME+NSE Main Board
AYMSYNTEX,AYM Syntex Limited,1690.15,508933,extended_micro,NSE+BSE,BSE Main Board+BSE SME+NSE Main Board
STUDDS,Studds Accessories Limited,1695.15,544599,extended_micro,NSE+BSE,BSE Main Board+BSE SME+NSE Main Board
SMCGLOBAL,SMC Global Securities Limited,1703.89,543263,extended_micro,NSE+BSE,BSE Main Board+BSE SME+NSE Main Board
GRANDOAK,Grand Oak Canyons Distillery Limited,1706.09,523862,extended_micro,NSE+BSE,BSE Main Board+BSE SME+NSE Main Board
GRMOVER,GRM Overseas Limited,1707.41,531449,extended_micro,NSE+BSE,BSE Main Board+BSE SME+NSE Main Board
INDOKEM,Indokem Limited,1708.43,504092,extended_micro,NSE+BSE,BSE Main Board+BSE SME+NSE Main Board
CNL,Creative Newtech Limited,1710.77,544631,extended_micro,NSE+BSE,BSE Main Board+BSE SME+NSE Main Board
PFS,PTC India Financial Services Limited,1713.61,533344,extended_micro,NSE+BSE,BSE Main Board+BSE SME+NSE Main Board
INDIAGLYCO,India Glycols Limited,1718.23,500201,extended_micro,NSE+BSE,BSE Main Board+BSE SME+NSE Main Board
MENONBE,Menon Bearings Limited,1720.15,523828,extended_micro,NSE+BSE,BSE Main Board+BSE SME+NSE Main Board
DISAQ,Disa India Limited,1725.15,500068,extended_micro,NSE+BSE,BSE Main Board+BSE SME+NSE Main Board
WENDT,Wendt (India) Limited,1728.67,505412,extended_micro,NSE+BSE,BSE Main Board+BSE SME+NSE Main Board
EPACK,EPACK Durable Limited,1731.54,544095,extended_micro,NSE+BSE,BSE Main Board+BSE SME+NSE Main Board
TECHNOCRAF,Technocraft Ventures Limited,1733.96,544864,extended_micro,NSE+BSE,BSE Main Board+BSE SME+NSE Main Board
RGL,Renaissance Global Limited,1735.65,532923,extended_micro,NSE+BSE,BSE Main Board+BSE SME+NSE Main Board
RICOAUTO,Rico Auto Industries Limited,1735.71,520008,extended_micro,NSE+BSE,BSE Main Board+BSE SME+NSE Main Board
PAUSHAKLTD,Paushak Limited,1736.34,532742,extended_micro,NSE+BSE,BSE Main Board+BSE SME+NSE Main Board
INSECTICID,Insecticides (India) Limited,1737.43,532851,extended_micro,NSE+BSE,BSE Main Board+BSE SME+NSE Main Board
VIDHIING,Vidhi Specialty Food Ingredients Limited,1747.83,531717,extended_micro,NSE+BSE,BSE Main Board+BSE SME+NSE Main Board
NDRAUTO,Ndr Auto Components Limited,1748.22,543214,extended_micro,NSE+BSE,BSE Main Board+BSE SME+NSE Main Board
HGS,Hinduja Global Solutions Limited,1756.61,532859,extended_micro,NSE+BSE,BSE Main Board+BSE SME+NSE Main Board
DEEPA,Deepa Jewellers Limited,1759.56,544903,extended_micro,NSE+BSE,BSE Main Board+BSE SME+NSE Main Board
BLUECLOUDS,Blue Cloud Softech Solutions Limited,1762.16,539607,extended_micro,NSE+BSE,BSE Main Board+BSE SME+NSE Main Board
HATHWAY,Hathway Cable & Datacom Limited,1766.56,533162,extended_micro,NSE+BSE,BSE Main Board+BSE SME+NSE Main Board
IGPL,IG Petrochemicals Limited,1774.71,500199,extended_micro,NSE+BSE,BSE Main Board+BSE SME+NSE Main Board
SCILAL,Shipping Corporation of India Land and Assets Limited,1782.15,544142,extended_micro,NSE+BSE,BSE Main Board+BSE SME+NSE Main Board
TAALTECH,Taal Tech Limited,1783.76,539956,extended_micro,NSE+BSE,BSE Main Board+BSE SME+NSE Main Board
XTRANET,Xtranet Technologies Limited,1787.13,544838,extended_micro,NSE+BSE,BSE Main Board+BSE SME+NSE Main Board
LAOPALA,La Opala RG Limited,1793.76,526947,extended_micro,NSE+BSE,BSE Main Board+BSE SME+NSE Main Board
NUCLEUS,Nucleus Software Exports Limited,1800.65,531209,extended_micro,NSE+BSE,BSE Main Board+BSE SME+NSE Main Board
KRSNAA,Krsnaa Diagnostics Limited,1801.0,543328,extended_micro,NSE+BSE,BSE Main Board+BSE SME+NSE Main Board
DCXINDIA,DCX Systems Limited,1806.13,543650,extended_micro,NSE+BSE,BSE Main Board+BSE SME+NSE Main Board
TARSONS,Tarsons Products Limited,1809.01,543399,extended_micro,NSE+BSE,BSE Main Board+BSE SME+NSE Main Board
VIDYAWIRES,Vidya Wires Limited,1817.88,544633,extended_micro,NSE+BSE,BSE Main Board+BSE SME+NSE Main Board
KHAZANCHI,Khazanchi Jewellers Ltd,1818.9,543953,extended_micro,BSE,BSE Main Board+BSE SME
EIHAHOTELS,EIH Associated Hotels Limited,1820.78,523127,extended_micro,NSE+BSE,BSE Main Board+BSE SME+NSE Main Board
SURAKSHA,Suraksha Diagnostic Limited,1821.0,544293,extended_micro,NSE+BSE,BSE Main Board+BSE SME+NSE Main Board
HPL,HPL Electric & Power Limited,1822.28,540136,extended_micro,NSE+BSE,BSE Main Board+BSE SME+NSE Main Board
KSSMART,KS Smart Technologies Ltd,1823.64,516038,extended_micro,BSE,BSE Main Board+BSE SME
BLUSPRING,Bluspring Enterprises Limited,1823.93,544414,extended_micro,NSE+BSE,BSE Main Board+BSE SME+NSE Main Board
SKYWAYS,Skyways Air Services Limited,1833.51,544890,extended_micro,NSE+BSE,BSE Main Board+BSE SME+NSE Main Board
SAKSOFT,Saksoft Limited,1833.75,590051,extended_micro,NSE+BSE,BSE Main Board+BSE SME+NSE Main Board
HUHTAMAKI,Huhtamaki India Limited,1837.83,509820,extended_micro,NSE+BSE,BSE Main Board+BSE SME+NSE Main Board
OAL,Oriental Aromatics Limited,1839.84,500078,extended_micro,NSE+BSE,BSE Main Board+BSE SME+NSE Main Board
BHARATRAS,Bharat Rasayan Limited,1854.99,590021,extended_micro,NSE+BSE,BSE Main Board+BSE SME+NSE Main Board
TINNARUBR,Tinna Rubber and Infrastructure Limited,1855.44,530475,extended_micro,NSE+BSE,BSE Main Board+BSE SME+NSE Main Board
TCIEXP,TCI Express Limited,1858.78,540212,extended_micro,NSE+BSE,BSE Main Board+BSE SME+NSE Main Board
HESTERBIO,Hester Biosciences Limited,1859.94,524669,extended_micro,NSE+BSE,BSE Main Board+BSE SME+NSE Main Board
SYNCOMF,Syncom Formulations (India) Limited,1861.2,524470,extended_micro,NSE+BSE,BSE Main Board+BSE SME+NSE Main Board
GENESYS,Genesys International Corporation Limited,1862.85,506109,extended_micro,NSE+BSE,BSE Main Board+BSE SME+NSE Main Board
BLEL,Behari Lal Engineering Limited,1864.06,544870,extended_micro,NSE+BSE,BSE Main Board+BSE SME+NSE Main Board
KETOMOTORS,Keto Motors Ltd,1876.73,537392,extended_micro,BSE,BSE Main Board+BSE SME
MSPL,MSP Steel & Power Limited,1881.2,532650,extended_micro,NSE+BSE,BSE Main Board+BSE SME+NSE Main Board
SHK,S H Kelkar and Company Limited,1883.21,539450,extended_micro,NSE+BSE,BSE Main Board+BSE SME+NSE Main Board
TIRUMALCHM,Thirumalai Chemicals Limited,1890.87,500412,extended_micro,NSE+BSE,BSE Main Board+BSE SME+NSE Main Board
ZELIO,Zelio E Mobility Ltd,1893.35,544563,extended_micro,BSE,BSE Main Board+BSE SME
CAMLINFINE,Camlin Fine Sciences Limited,1895.03,532834,extended_micro,NSE+BSE,BSE Main Board+BSE SME+NSE Main Board
MAHASTEEL,Mahamaya Steel Industries Limited,1907.62,513554,extended_micro,NSE+BSE,BSE Main Board+BSE SME+NSE Main Board
INDIANHUME,Indian Hume Pipe Company Limited,1911.82,504741,extended_micro,NSE+BSE,BSE Main Board+BSE SME+NSE Main Board
BGRENERGY,BGR Energy Systems Limited,1927.8,532930,extended_micro,NSE+BSE,BSE Main Board+BSE SME+NSE Main Board
AWFIS,Awfis Space Solutions Limited,1942.58,544181,extended_micro,NSE+BSE,BSE Main Board+BSE SME+NSE Main Board
AAYUSHBULL,Aayush Art And Bullion Ltd,1945.64,540718,extended_micro,BSE,BSE Main Board+BSE SME
MUKANDLTD,Mukand Limited,1946.36,500460,extended_micro,NSE+BSE,BSE Main Board+BSE SME+NSE Main Board
HONDAPOWER,Honda India Power Products Limited,1946.88,522064,extended_micro,NSE+BSE,BSE Main Board+BSE SME+NSE Main Board
BCG,Brightcom Group Limited,1953.35,532368,extended_micro,NSE+BSE,BSE Main Board+BSE SME+NSE Main Board
SIMPLEXINF,Simplex Infrastructures Limited,1982.92,523838,extended_micro,NSE+BSE,BSE Main Board+BSE SME+NSE Main Board
BAJEL,Bajel Projects Limited,1985.36,544042,extended_micro,NSE+BSE,BSE Main Board+BSE SME+NSE Main Board
SHANTIGOLD,Shanti Gold International Limited,1987.17,544459,extended_micro,NSE+BSE,BSE Main Board+BSE SME+NSE Main Board
SAGCEM,Sagar Cements Limited,1993.94,502090,extended_micro,NSE+BSE,BSE Main Board+BSE SME+NSE Main Board
GHVINFRA,GHV Infra Projects Ltd,2000.08,505504,extended_micro,BSE,BSE Main Board+BSE SME
BFUTILITIE,BF Utilities Limited,2000.72,532430,extended_micro,NSE+BSE,BSE Main Board+BSE SME+NSE Main Board
PARACABLES,Paramount Communications Limited,2000.74,530555,extended_micro,NSE+BSE,BSE Main Board+BSE SME+NSE Main Board
RELINFRA,Reliance Infrastructure Limited,2001.07,500390,extended_micro,NSE+BSE,BSE Main Board+BSE SME+NSE Main Board
BNAGROCHEM,BN Agrochem Limited,2004.35,526125,extended_micro,NSE+BSE,BSE Main Board+BSE SME+NSE Main Board
SHRINGARMS,Shringar House of Mangalsutra Limited,2006.27,544512,extended_micro,NSE+BSE,BSE Main Board+BSE SME+NSE Main Board
INA,Insolation Energy Limited,2007.19,543620,extended_micro,NSE+BSE,BSE Main Board+BSE SME+NSE Main Board
CANTABIL,Cantabil Retail India Limited,2013.59,533267,extended_micro,NSE+BSE,BSE Main Board+BSE SME+NSE Main Board
EMSLIMITED,EMS Limited,2020.77,543983,extended_micro,NSE+BSE,BSE Main Board+BSE SME+NSE Main Board
GREENPANEL,Greenpanel Industries Limited,2025.19,542857,extended_micro,NSE+BSE,BSE Main Board+BSE SME+NSE Main Board
RACLGEAR,RACL Geartech Limited,2027.73,520073,extended_micro,NSE+BSE,BSE Main Board+BSE SME+NSE Main Board
ESAFSFB,ESAF Small Finance Bank Limited,2029.85,544020,extended_micro,NSE+BSE,BSE Main Board+BSE SME+NSE Main Board
SILVERTUC,Silver Touch Technologies Limited,2035.93,543525,extended_micro,NSE+BSE,BSE Main Board+BSE SME+NSE Main Board
TEAMLEASE,Teamlease Services Limited,2043.21,539658,extended_micro,NSE+BSE,BSE Main Board+BSE SME+NSE Main Board
MOTISONS,Motisons Jewellers Limited,2045.24,544053,extended_micro,NSE+BSE,BSE Main Board+BSE SME+NSE Main Board
KCP,KCP Limited,2050.49,590066,extended_micro,NSE+BSE,BSE Main Board+BSE SME+NSE Main Board
ALGOQUANT,Algoquant Fintech Limited,2051.16,505725,extended_micro,NSE+BSE,BSE Main Board+BSE SME+NSE Main Board
ARMANFIN,Arman Financial Services Limited,2052.32,531179,extended_micro,NSE+BSE,BSE Main Board+BSE SME+NSE Main Board
TAJGVK,Taj GVK Hotels & Resorts Limited,2062.57,532390,extended_micro,NSE+BSE,BSE Main Board+BSE SME+NSE Main Board
LANDMARK,Landmark Cars Limited,2077.18,543714,extended_micro,NSE+BSE,BSE Main Board+BSE SME+NSE Main Board
AEROPLANE,Amir Chand Jagdish Kumar (Exports) Limited,2083.98,544743,extended_micro,NSE+BSE,BSE Main Board+BSE SME+NSE Main Board
OMAXE,Omaxe Limited,2084.15,532880,extended_micro,NSE+BSE,BSE Main Board+BSE SME+NSE Main Board
TIL,TIL Limited,2088.28,505196,extended_micro,NSE+BSE,BSE Main Board+BSE SME+NSE Main Board
RAJESHEXPO,Rajesh Exports Limited,2088.37,531500,extended_micro,NSE+BSE,BSE Main Board+BSE SME+NSE Main Board
SELECTRIC,Schneider Electric President Systems Ltd,2095.03,544786,extended_micro,BSE,BSE Main Board+BSE SME
NIBE,NIBE Limited,2095.91,535136,extended_micro,NSE+BSE,BSE Main Board+BSE SME+NSE Main Board
RAMCOSYS,Ramco Systems Limited,2127.22,532370,extended_micro,NSE+BSE,BSE Main Board+BSE SME+NSE Main Board
VENUSREM,Venus Remedies Limited,2130.63,526953,extended_micro,NSE+BSE,BSE Main Board+BSE SME+NSE Main Board
BRIGHOTEL,Brigade Hotel Ventures Limited,2138.89,544457,extended_micro,NSE+BSE,BSE Main Board+BSE SME+NSE Main Board
PRAKASH,Prakash Industries Limited,2139.13,506022,extended_micro,NSE+BSE,BSE Main Board+BSE SME+NSE Main Board
QUADFUTURE,Quadrant Future Tek Limited,2139.2,544336,extended_micro,NSE+BSE,BSE Main Board+BSE SME+NSE Main Board
MOLDTKPAC,Mold-Tek Packaging Limited,2142.6,533080,extended_micro,NSE+BSE,BSE Main Board+BSE SME+NSE Main Board
KICL,Kalyani Investment Company Limited,2143.91,533302,extended_micro,NSE+BSE,BSE Main Board+BSE SME+NSE Main Board
NITCO,Nitco Limited,2147.05,532722,extended_micro,NSE+BSE,BSE Main Board+BSE SME+NSE Main Board
ELCIDIN,EL CID Investments Limited,2150.0,503681,extended_micro,NSE+BSE,BSE Main Board+BSE SME+NSE Main Board
FISCHER,Fischer Medical Ventures Limited,2151.39,524743,extended_micro,NSE+BSE,BSE Main Board+BSE SME+NSE Main Board
GMBREW,GM Breweries Limited,2163.38,507488,extended_micro,NSE+BSE,BSE Main Board+BSE SME+NSE Main Board
MARSONS,Marsons Limited,2195.14,517467,extended_micro,NSE+BSE,BSE Main Board+BSE SME+NSE Main Board
ADVAIT,Advait Energy Transitions Limited,2196.21,543230,extended_micro,NSE+BSE,BSE Main Board+BSE SME+NSE Main Board
RAMKY,Ramky Infrastructure Limited,2198.41,533262,extended_micro,NSE+BSE,BSE Main Board+BSE SME+NSE Main Board
STLNETWORK,STL Networks Limited,2199.42,544395,extended_micro,NSE+BSE,BSE Main Board+BSE SME+NSE Main Board
MILLWORKS,Millworks Technologies Ltd,2207.39,544826,extended_micro,BSE,BSE Main Board+BSE SME
JISLJALEQS,Jain Irrigation Systems Limited,2210.29,500219,extended_micro,NSE+BSE,BSE Main Board+BSE SME+NSE Main Board
VERANDA,Veranda Learning Solutions Limited,2213.18,543514,extended_micro,NSE+BSE,BSE Main Board+BSE SME+NSE Main Board
MOBAVENUE,Mobavenue AI Tech Ltd,2215.35,539682,extended_micro,BSE,BSE Main Board+BSE SME
DYCL,Dynamic Cables Limited,2217.71,540795,extended_micro,NSE+BSE,BSE Main Board+BSE SME+NSE Main Board
MODINSU,Modern Insulators Ltd,2219.06,515008,extended_micro,BSE,BSE Main Board+BSE SME
FREDUN,Fredun Pharmaceuticals Limited,2228.59,539730,extended_micro,NSE+BSE,BSE Main Board+BSE SME+NSE Main Board
CFF,CFF Fluid Control Ltd,2228.92,543920,extended_micro,BSE,BSE Main Board+BSE SME
KNACK,Knack Packaging Limited,2235.0,544814,extended_micro,NSE+BSE,BSE Main Board+BSE SME+NSE Main Board
RANEHOLDIN,Rane Holdings Limited,2240.55,505800,extended_micro,NSE+BSE,BSE Main Board+BSE SME+NSE Main Board
SANSTAR,Sanstar Limited,2248.01,544217,extended_micro,NSE+BSE,BSE Main Board+BSE SME+NSE Main Board
NELCO,NELCO Limited,2248.3,504112,extended_micro,NSE+BSE,BSE Main Board+BSE SME+NSE Main Board
GOCLCORP,GOCL Corporation Limited,2249.36,506480,extended_micro,NSE+BSE,BSE Main Board+BSE SME+NSE Main Board
EXICOM,Exicom Tele-Systems Limited,2254.48,544133,extended_micro,NSE+BSE,BSE Main Board+BSE SME+NSE Main Board
PARKHOTELS,Apeejay Surrendra Park Hotels Limited,2257.5,544111,extended_micro,NSE+BSE,BSE Main Board+BSE SME+NSE Main Board
SAIPARENT,Sai Parenterals Limited,2258.0,544742,extended_micro,NSE+BSE,BSE Main Board+BSE SME+NSE Main Board
REPCOHOME,Repco Home Finance Limited,2264.72,535322,extended_micro,NSE+BSE,BSE Main Board+BSE SME+NSE Main Board
GSPCROP,GSP Crop Science Limited,2275.46,544733,extended_micro,NSE+BSE,BSE Main Board+BSE SME+NSE Main Board
POKARNA,Pokarna Limited,2275.54,532486,extended_micro,NSE+BSE,BSE Main Board+BSE SME+NSE Main Board
BOMDYEING,Bombay Dyeing & Mfg Company Limited,2276.01,500020,extended_micro,NSE+BSE,BSE Main Board+BSE SME+NSE Main Board
COSMOFIRST,COSMO FIRST LIMITED,2276.9,508814,extended_micro,NSE+BSE,BSE Main Board+BSE SME+NSE Main Board
JNKINDIA,JNK India Limited,2285.16,544167,extended_micro,NSE+BSE,BSE Main Board+BSE SME+NSE Main Board
GAJA,Gaja Alternative Asset Management Limited,2290.71,544885,extended_micro,NSE+BSE,BSE Main Board+BSE SME+NSE Main Board
EUROPRATIK,Euro Pratik Sales Limited,2291.84,544519,extended_micro,NSE+BSE,BSE Main Board+BSE SME+NSE Main Board
ARKADE,Arkade Developers Limited,2292.95,544261,extended_micro,NSE+BSE,BSE Main Board+BSE SME+NSE Main Board
GEOJITFSL,Geojit Financial Services Limited,2292.99,532285,extended_micro,NSE+BSE,BSE Main Board+BSE SME+NSE Main Board
ORISSAMINE,The Orissa Minerals Development Company Limited,2294.22,590086,extended_micro,NSE+BSE,BSE Main Board+BSE SME+NSE Main Board
SIRCA,Sirca Paints India Limited,2295.0,543686,extended_micro,NSE+BSE,BSE Main Board+BSE SME+NSE Main Board
SIKA,Sika Interplant Systems Limited,2301.46,523606,extended_micro,NSE+BSE,BSE Main Board+BSE SME+NSE Main Board
CNCRD,Concord Control Systems Ltd,2301.84,543619,extended_micro,BSE,BSE Main Board+BSE SME
PANACEABIO,Panacea Biotec Limited,2302.11,531349,extended_micro,NSE+BSE,BSE Main Board+BSE SME+NSE Main Board
RAJRATAN,Rajratan Global Wire Limited,2302.97,517522,extended_micro,NSE+BSE,BSE Main Board+BSE SME+NSE Main Board
ANANTAM,Anantam Highways Trust,2309.85,544579,extended_micro,BSE,BSE SME
EASEMYTRIP,Easy Trip Planners Limited,2311.1,543272,extended_micro,NSE+BSE,BSE Main Board+BSE SME+NSE Main Board
KITEX,Kitex Garments Limited,2316.2,521248,extended_micro,NSE+BSE,BSE Main Board+BSE SME+NSE Main Board
VENKEYS,Venky's (India) Limited,2316.52,523261,extended_micro,NSE+BSE,BSE Main Board+BSE SME+NSE Main Board
AJMERA,Ajmera Realty & Infra India Limited,2323.17,513349,extended_micro,NSE+BSE,BSE Main Board+BSE SME+NSE Main Board
HINDOILEXP,Hindustan Oil Exploration Company Limited,2338.06,500186,extended_micro,NSE+BSE,BSE Main Board+BSE SME+NSE Main Board
EVEREADY,Eveready Industries India Limited,2339.44,531508,extended_micro,NSE+BSE,BSE Main Board+BSE SME+NSE Main Board
SBC,SBC Exports Limited,2345.24,542725,extended_micro,NSE+BSE,BSE Main Board+BSE SME+NSE Main Board
ASIANENE,Asian Energy Services Limited,2351.36,530355,extended_micro,NSE+BSE,BSE Main Board+BSE SME+NSE Main Board
PIXTRANS,Pix Transmissions Limited,2355.8,500333,extended_micro,NSE+BSE,BSE Main Board+BSE SME+NSE Main Board
KABRAEXTRU,Kabra Extrusion Technik Limited,2364.69,524109,extended_micro,NSE+BSE,BSE Main Board+BSE SME+NSE Main Board
VEEDOL,Veedol Corporation Limited,2366.61,590005,extended_micro,NSE+BSE,BSE Main Board+BSE SME+NSE Main Board
INDOCO,Indoco Remedies Limited,2370.36,532612,extended_micro,NSE+BSE,BSE Main Board+BSE SME+NSE Main Board
APOLLOPIPE,Apollo Pipes Limited,2381.03,531761,extended_micro,NSE+BSE,BSE Main Board+BSE SME+NSE Main Board
PROTEAN,Protean eGov Technologies Limited,2388.73,544021,extended_micro,NSE+BSE,BSE Main Board+BSE SME+NSE Main Board
WINDLAS,Windlas Biotech Limited,2391.43,543329,extended_micro,NSE+BSE,BSE Main Board+BSE SME+NSE Main Board
SIYSIL,Siyaram Silk Mills Limited,2407.11,503811,extended_micro,NSE+BSE,BSE Main Board+BSE SME+NSE Main Board
MVELECTRO,MV Electrosystems Limited,2407.56,544851,extended_micro,NSE+BSE,BSE Main Board+BSE SME+NSE Main Board
GNA,GNA Axles Limited,2423.01,540124,extended_micro,NSE+BSE,BSE Main Board+BSE SME+NSE Main Board
ZAGGLE,Zaggle Prepaid Ocean Services Limited,2424.29,543985,extended_micro,NSE+BSE,BSE Main Board+BSE SME+NSE Main Board
SOMANYCERA,Somany Ceramics Limited,2426.52,531548,extended_micro,NSE+BSE,BSE Main Board+BSE SME+NSE Main Board
PENIND,Pennar Industries Limited,2427.42,513228,extended_micro,NSE+BSE,BSE Main Board+BSE SME+NSE Main Board
JGCHEM,J.G.Chemicals Limited,2427.77,544138,extended_micro,NSE+BSE,BSE Main Board+BSE SME+NSE Main Board
SHUKRAPHAR,Shukra Pharmaceuticals Limited,2428.43,524632,extended_micro,NSE+BSE,BSE Main Board+BSE SME+NSE Main Board
EPACKPEB,EPack Prefab Technologies Limited,2432.75,544540,extended_micro,NSE+BSE,BSE Main Board+BSE SME+NSE Main Board
SATIN,Satin Creditcare Network Limited,2440.86,539404,extended_micro,NSE+BSE,BSE Main Board+BSE SME+NSE Main Board
SPAL,S. P. Apparels Limited,2442.12,540048,extended_micro,NSE+BSE,BSE Main Board+BSE SME+NSE Main Board
FMGOETZE,Federal-Mogul Goetze (India) Limited.,2444.48,505744,extended_micro,NSE+BSE,BSE Main Board+BSE SME+NSE Main Board
ROSSARI,Rossari Biotech Limited,2446.48,543213,extended_micro,NSE+BSE,BSE Main Board+BSE SME+NSE Main Board
BBL,Bharat Bijlee Limited,2471.77,503960,extended_micro,NSE+BSE,BSE Main Board+BSE SME+NSE Main Board
BODALCHEM,Bodal Chemicals Limited,2484.25,524370,extended_micro,NSE+BSE,BSE Main Board+BSE SME+NSE Main Board
HUBTOWN,Hubtown Limited,2493.87,532799,extended_micro,NSE+BSE,BSE Main Board+BSE SME+NSE Main Board
UTKARSHBNK,Utkarsh Small Finance Bank Limited,2494.89,543942,extended_micro,NSE+BSE,BSE Main Board+BSE SME+NSE Main Board
TASTYBITE,Tasty Bite Eatables Limited,2504.31,519091,extended_micro,NSE+BSE,BSE Main Board+BSE SME+NSE Main Board
MEDIASSIST,Medi Assist Healthcare Services Limited,2518.95,544088,extended_micro,NSE+BSE,BSE Main Board+BSE SME+NSE Main Board
FLAIR,Flair Writing Industries Limited,2523.17,544030,extended_micro,NSE+BSE,BSE Main Board+BSE SME+NSE Main Board
AUTOAXLES,Automotive Axles Limited,2535.16,505010,extended_micro,NSE+BSE,BSE Main Board+BSE SME+NSE Main Board
DRAGARWQ,Dr Agarwals Eye Hospital Limited,2544.8,526783,extended_micro,NSE+BSE,BSE Main Board+BSE SME+NSE Main Board
PATELENG,Patel Engineering Limited,2552.78,531120,extended_micro,NSE+BSE,BSE Main Board+BSE SME+NSE Main Board
ORIENTCEM,Orient Cement Limited,2561.06,535754,extended_micro,NSE+BSE,BSE Main Board+BSE SME+NSE Main Board
GKENERGY,GK Energy Limited,2564.62,544525,extended_micro,NSE+BSE,BSE Main Board+BSE SME+NSE Main Board
AMIC,Amic Forging Ltd,2569.51,544037,extended_micro,BSE,BSE Main Board+BSE SME
ORIENTHOT,Oriental Hotels Limited,2570.94,500314,extended_micro,NSE+BSE,BSE Main Board+BSE SME+NSE Main Board
KLBRENG-B,Kilburn Engineering Limited,2579.1,522101,extended_micro,NSE+BSE,BSE Main Board+BSE SME+NSE Main Board
VINCOFE,Vintage Coffee And Beverages Limited,2585.52,538920,extended_micro,NSE+BSE,BSE Main Board+BSE SME+NSE Main Board
SASKEN,Sasken Technologies Limited,2600.86,532663,extended_micro,NSE+BSE,BSE Main Board+BSE SME+NSE Main Board
GLASSWALL,Glass Wall Systems (India) Limited,2605.52,544913,extended_micro,NSE+BSE,BSE Main Board+BSE SME+NSE Main Board
GLOBUSSPR,Globus Spirits Limited,2611.76,533104,extended_micro,NSE+BSE,BSE Main Board+BSE SME+NSE Main Board
GANDHAR,Gandhar Oil Refinery (India) Limited,2614.36,544029,extended_micro,NSE+BSE,BSE Main Board+BSE SME+NSE Main Board
KMCSHIL,K M C Speciality Hospitals (India) Limited,2616.7,524520,extended_micro,NSE+BSE,BSE Main Board+BSE SME+NSE Main Board
MUFIN,Mufin Green Finance Limited,2619.7,542774,extended_micro,NSE+BSE,BSE Main Board+BSE SME+NSE Main Board
ARVSMART,Arvind SmartSpaces Limited,2621.18,539301,extended_micro,NSE+BSE,BSE Main Board+BSE SME+NSE Main Board
SPORTKING,Sportking India Limited,2624.04,539221,extended_micro,NSE+BSE,BSE Main Board+BSE SME+NSE Main Board
GATEWAY,Gateway Distriparks Limited,2625.63,543489,extended_micro,NSE+BSE,BSE Main Board+BSE SME+NSE Main Board
TECHNVISN,TechNVision Ventures Limited,2628.25,501421,extended_micro,NSE+BSE,BSE Main Board+BSE SME+NSE Main Board
EFCIL,EFC (I) Limited,2644.54,512008,extended_micro,NSE+BSE,BSE Main Board+BSE SME+NSE Main Board
UEL,Ujaas Energy Limited,2647.95,533644,extended_micro,NSE+BSE,BSE Main Board+BSE SME+NSE Main Board
DIAMONDYD,Prataap Snacks Limited,2652.28,540724,extended_micro,NSE+BSE,BSE Main Board+BSE SME+NSE Main Board
ALEMBICLTD,Alembic Limited,2659.23,506235,extended_micro,NSE+BSE,BSE Main Board+BSE SME+NSE Main Board
SUNDROP,Sundrop Brands Limited,2668.18,500215,extended_micro,NSE+BSE,BSE Main Board+BSE SME+NSE Main Board
DCAL,Dishman Carbogen Amcis Limited,2670.02,540701,extended_micro,NSE+BSE,BSE Main Board+BSE SME+NSE Main Board
STALLION,Stallion India Fluorochemicals Limited,2675.78,544342,extended_micro,NSE+BSE,BSE Main Board+BSE SME+NSE Main Board
DDEVPLSTIK,Ddev Plastiks Industries Limited,2686.77,543547,extended_micro,NSE+BSE,BSE Main Board+BSE SME+NSE Main Board
AXISOL,Axis Solutions Ltd,2687.93,511144,extended_micro,BSE,BSE Main Board+BSE SME
GANECOS,Ganesha Ecosphere Limited,2695.81,514167,extended_micro,NSE+BSE,BSE Main Board+BSE SME+NSE Main Board
STOVEKRAFT,Stove Kraft Limited,2702.39,543260,extended_micro,NSE+BSE,BSE Main Board+BSE SME+NSE Main Board
ADOR,Ador Welding Limited,2743.73,517041,extended_micro,NSE+BSE,BSE Main Board+BSE SME+NSE Main Board
DOLPHIN,Dolphin Offshore Enterprises (India) Limited,2745.31,522261,extended_micro,NSE+BSE,BSE Main Board+BSE SME+NSE Main Board
VIMTALABS,Vimta Labs Limited,2754.05,524394,extended_micro,NSE+BSE,BSE Main Board+BSE SME+NSE Main Board
SUNCLAY,Sundaram Clayton Limited,2768.34,544066,extended_micro,NSE+BSE,BSE Main Board+BSE SME+NSE Main Board
MANGLMCEM,Mangalam Cement Limited,2772.28,502157,extended_micro,NSE+BSE,BSE Main Board+BSE SME+NSE Main Board
INDORAMA,Indo Rama Synthetics (India) Limited,2779.55,500207,extended_micro,NSE+BSE,BSE Main Board+BSE SME+NSE Main Board
DREDGECORP,Dredging Corporation of India Limited,2782.92,523618,extended_micro,NSE+BSE,BSE Main Board+BSE SME+NSE Main Board
UFBL,United Foodbrands Limited,2791.24,543283,extended_micro,NSE+BSE,BSE Main Board+BSE SME+NSE Main Board
RPSGVENT,RPSG VENTURES LIMITED,2794.31,542333,extended_micro,NSE+BSE,BSE Main Board+BSE SME+NSE Main Board
XPROINDIA,Xpro India Limited,2798.84,590013,extended_micro,NSE+BSE,BSE Main Board+BSE SME+NSE Main Board
INDNIPPON,India Nippon Electricals Limited,2802.34,532240,extended_micro,NSE+BSE,BSE Main Board+BSE SME+NSE Main Board
RATNAVEER,Ratnaveer Precision Engineering Limited,2808.18,543978,extended_micro,NSE+BSE,BSE Main Board+BSE SME+NSE Main Board
NILKAMAL,Nilkamal Limited,2812.67,523385,extended_micro,NSE+BSE,BSE Main Board+BSE SME+NSE Main Board
MARATHON,Marathon Nextgen Realty Limited,2818.17,503101,extended_micro,NSE+BSE,BSE Main Board+BSE SME+NSE Main Board
NAVNETEDUL,Navneet Education Limited,2820.47,508989,extended_micro,NSE+BSE,BSE Main Board+BSE SME+NSE Main Board
NSIL,Nalwa Sons Investments Limited,2821.29,532256,extended_micro,NSE+BSE,BSE Main Board+BSE SME+NSE Main Board
HIKAL,Hikal Limited,2825.44,524735,extended_micro,NSE+BSE,BSE Main Board+BSE SME+NSE Main Board
RAMCOIND,Ramco Industries Limited,2827.56,532369,extended_micro,NSE+BSE,BSE Main Board+BSE SME+NSE Main Board
JAYKAY,Jaykay Enterprises Limited,2827.85,500306,extended_micro,NSE+BSE,BSE Main Board+BSE SME+NSE Main Board
BALMLAWRIE,Balmer Lawrie & Company Limited,2841.23,523319,extended_micro,NSE+BSE,BSE Main Board+BSE SME+NSE Main Board
ROADSTAR,Roadstar Infra Investment Trust,2846.73,544374,extended_micro,BSE,BSE SME
MONARCH,Monarch Networth Capital Limited,2865.81,511551,extended_micro,NSE+BSE,BSE Main Board+BSE SME+NSE Main Board
CHEMPLASTS,Chemplast Sanmar Limited,2866.53,543336,extended_micro,NSE+BSE,BSE Main Board+BSE SME+NSE Main Board
RELTD,Ravindra Energy Limited,2872.2,504341,extended_micro,NSE+BSE,BSE Main Board+BSE SME+NSE Main Board
PANAMAPET,Panama Petrochem Limited,2873.45,524820,extended_micro,NSE+BSE,BSE Main Board+BSE SME+NSE Main Board
INTERARCH,Interarch Building Solutions Limited,2873.78,544232,extended_micro,NSE+BSE,BSE Main Board+BSE SME+NSE Main Board
RSYSTEMS,R Systems International Limited,2876.49,532735,extended_micro,NSE+BSE,BSE Main Board+BSE SME+NSE Main Board
BLSE,BLS E-Services Limited,2879.24,544107,extended_micro,NSE+BSE,BSE Main Board+BSE SME+NSE Main Board
TALBROAUTO,Talbros Automotive Components Limited,2879.31,505160,extended_micro,NSE+BSE,BSE Main Board+BSE SME+NSE Main Board
HGINFRA,H.G. Infra Engineering Limited,2885.45,541019,extended_micro,NSE+BSE,BSE Main Board+BSE SME+NSE Main Board
RISHABH,Rishabh Instruments Limited,2896.27,543977,extended_micro,NSE+BSE,BSE Main Board+BSE SME+NSE Main Board
MAITHANALL,Maithan Alloys Limited,2903.0,590078,extended_micro,NSE+BSE,BSE Main Board+BSE SME+NSE Main Board
ELPROINTL,Elpro International Limited,2908.26,504000,extended_micro,NSE+BSE,BSE Main Board+BSE SME+NSE Main Board
STEAMHOUSE,Steamhouse India Limited,2908.9,544914,extended_micro,NSE+BSE,BSE Main Board+BSE SME+NSE Main Board
SANGAMIND,Sangam (India) Limited,2912.54,514234,extended_micro,NSE+BSE,BSE Main Board+BSE SME+NSE Main Board
SPICELOUNG,Spice Lounge Food Works Ltd,2928.61,539895,extended_micro,BSE,BSE Main Board+BSE SME
GIPCL,Gujarat Industries Power Company Limited,2939.01,517300,extended_micro,NSE+BSE,BSE Main Board+BSE SME+NSE Main Board
PRINCEPIPE,Prince Pipes And Fittings Limited,2943.69,542907,extended_micro,NSE+BSE,BSE Main Board+BSE SME+NSE Main Board
ADFFOODS,ADF Foods Limited,2944.34,519183,extended_micro,NSE+BSE,BSE Main Board+BSE SME+NSE Main Board
ASHIKAG,Ashika Global Securities Limited,2957.39,543766,extended_micro,NSE+BSE,BSE Main Board+BSE SME+NSE Main Board
ROUTE,ROUTE MOBILE LIMITED,2957.99,543228,extended_micro,NSE+BSE,BSE Main Board+BSE SME+NSE Main Board
CONFIPET,Confidence Petroleum India Limited,2960.93,526829,extended_micro,NSE+BSE,BSE Main Board+BSE SME+NSE Main Board
SEIL,Shanti Educational Initiatives Limited,2961.6,539921,extended_micro,NSE+BSE,BSE Main Board+BSE SME+NSE Main Board
MMFL,MM Forgings Limited,2963.28,522241,extended_micro,NSE+BSE,BSE Main Board+BSE SME+NSE Main Board
NIITMTS,NIIT Learning Systems Limited,2971.2,543952,extended_micro,NSE+BSE,BSE Main Board+BSE SME+NSE Main Board
BONDADA,Bondada Engineering Ltd,2978.28,543971,extended_micro,BSE,BSE Main Board+BSE SME
FUSION,Fusion Finance Limited,2988.08,543652,extended_micro,NSE+BSE,BSE Main Board+BSE SME+NSE Main Board
KKCL,Kewal Kiran Clothing Limited,2990.67,532732,extended_micro,NSE+BSE,BSE Main Board+BSE SME+NSE Main Board
KERNEX,Kernex Microsystems (India) Limited,2992.56,532686,extended_micro,NSE+BSE,BSE Main Board+BSE SME+NSE Main Board
CARRARO,Carraro India Limited,2996.08,544320,extended_micro,NSE+BSE,BSE Main Board+BSE SME+NSE Main Board
IMAGICAA,Imagicaaworld Entertainment Limited,3002.46,539056,extended_micro,NSE+BSE,BSE Main Board+BSE SME+NSE Main Board
STYLEBAAZA,Baazar Style Retail Limited,3015.77,544243,extended_micro,NSE+BSE,BSE Main Board+BSE SME+NSE Main Board
CARYSIL,CARYSIL LIMITED,3032.98,524091,extended_micro,NSE+BSE,BSE Main Board+BSE SME+NSE Main Board
WINDMACHIN,Windsor Machines Limited,3052.05,522029,extended_micro,NSE+BSE,BSE Main Board+BSE SME+NSE Main Board
CRIZAC,Crizac Limited,3095.44,544439,extended_micro,NSE+BSE,BSE Main Board+BSE SME+NSE Main Board
BUILDPRO,Shankara Buildpro Limited,3098.22,544517,extended_micro,NSE+BSE,BSE Main Board+BSE SME+NSE Main Board
DALMIASUG,Dalmia Bharat Sugar and Industries Limited,3111.31,500097,extended_micro,NSE+BSE,BSE Main Board+BSE SME+NSE Main Board
CMLL,Caliber Mining and Logistics Limited,3111.56,544833,extended_micro,NSE+BSE,BSE Main Board+BSE SME+NSE Main Board
BOROLTD,Borosil Limited,3118.25,543212,extended_micro,NSE+BSE,BSE Main Board+BSE SME+NSE Main Board
WEBELSOLAR,Websol Energy System Limited,3128.15,517498,extended_micro,NSE+BSE,BSE Main Board+BSE SME+NSE Main Board
ARSSBL,Anand Rathi Share and Stock Brokers Limited,3133.14,544530,extended_micro,NSE+BSE,BSE Main Board+BSE SME+NSE Main Board
OSWALPUMPS,Oswal Pumps Limited,3147.11,544418,extended_micro,NSE+BSE,BSE Main Board+BSE SME+NSE Main Board
APCOTEXIND,Apcotex Industries Limited,3155.8,523694,extended_micro,NSE+BSE,BSE Main Board+BSE SME+NSE Main Board
ASHOKA,Ashoka Buildcon Limited,3167.96,533271,extended_micro,NSE+BSE,BSE Main Board+BSE SME+NSE Main Board
BHAGCHEM,Bhagiradha Chemicals & Industries Limited,3176.89,531719,extended_micro,NSE+BSE,BSE Main Board+BSE SME+NSE Main Board
BEPL,Bhansali Engineering Polymers Limited,3187.88,500052,extended_micro,NSE+BSE,BSE Main Board+BSE SME+NSE Main Board
JUBLCPL,Jubilant Agri and Consumer Products Limited,3201.34,544355,extended_micro,NSE+BSE,BSE Main Board+BSE SME+NSE Main Board
STEELCAS,Steelcast Limited,3203.99,513517,extended_micro,NSE+BSE,BSE Main Board+BSE SME+NSE Main Board
GOPAL,Gopal Snacks Limited,3204.56,544140,extended_micro,NSE+BSE,BSE Main Board+BSE SME+NSE Main Board
JTEKTINDIA,Jtekt India Limited,3207.16,520057,extended_micro,NSE+BSE,BSE Main Board+BSE SME+NSE Main Board
MUTHOOTMF,Muthoot Microfin Limited,3213.78,544055,extended_micro,NSE+BSE,BSE Main Board+BSE SME+NSE Main Board
HEIDELBERG,HeidelbergCement India Limited,3216.77,500292,extended_micro,NSE+BSE,BSE Main Board+BSE SME+NSE Main Board
SAPL,SAR Auto Products Ltd,3230.4,538992,extended_micro,BSE,BSE Main Board+BSE SME
NOCIL,NOCIL Limited,3238.61,500730,extended_micro,NSE+BSE,BSE Main Board+BSE SME+NSE Main Board
JINDALPOLY,Jindal Poly Films Limited,3242.6,500227,extended_micro,NSE+BSE,BSE Main Board+BSE SME+NSE Main Board
WONDERLA,Wonderla Holidays Limited,3248.15,538268,extended_micro,NSE+BSE,BSE Main Board+BSE SME+NSE Main Board
HLEGLAS,HLE Glascoat Limited,3252.57,522215,extended_micro,NSE+BSE,BSE Main Board+BSE SME+NSE Main Board
DPABHUSHAN,D. P. Abhushan Limited,3252.98,544161,extended_micro,NSE+BSE,BSE Main Board+BSE SME+NSE Main Board
DBCORP,D.B.Corp Limited,3254.04,533151,extended_micro,NSE+BSE,BSE Main Board+BSE SME+NSE Main Board
MAYURUNIQ,Mayur Uniquoters Ltd,3260.9,522249,extended_micro,NSE+BSE,BSE Main Board+BSE SME+NSE Main Board
PSPPROJECT,PSP Projects Limited,3260.93,540544,extended_micro,NSE+BSE,BSE Main Board+BSE SME+NSE Main Board
ANUP,The Anup Engineering Limited,3269.64,542460,extended_micro,NSE+BSE,BSE Main Board+BSE SME+NSE Main Board
NFL,National Fertilizers Limited,3279.03,523630,extended_micro,NSE+BSE,BSE Main Board+BSE SME+NSE Main Board
ADVENZYMES,Advanced Enzyme Technologies Limited,3291.54,540025,extended_micro,NSE+BSE,BSE Main Board+BSE SME+NSE Main Board
YASHHV,Yash Highvoltage Ltd,3308.72,544310,extended_micro,BSE,BSE Main Board+BSE SME
INDSWFTLAB,Ind-Swift Laboratories Limited,3318.02,532305,extended_micro,NSE+BSE,BSE Main Board+BSE SME+NSE Main Board
PACEDIGITK,Pace Digitek Limited,3341.38,544550,extended_micro,NSE+BSE,BSE Main Board+BSE SME+NSE Main Board
INDRAMEDCO,Indraprastha Medical Corporation Limited,3365.77,532150,extended_micro,NSE+BSE,BSE Main Board+BSE SME+NSE Main Board
PRABHA,Prabha Energy Limited,3369.11,544379,extended_micro,NSE+BSE,BSE Main Board+BSE SME+NSE Main Board
NACLIND,NACL Industries Limited,3373.1,524709,extended_micro,NSE+BSE,BSE Main Board+BSE SME+NSE Main Board
CIANAGRO,CIAN Agro Industries & Infrastructure Ltd,3377.2,519477,extended_micro,BSE,BSE Main Board+BSE SME
VINDHYATEL,Vindhya Telelinks Limited,3380.75,517015,extended_micro,NSE+BSE,BSE Main Board+BSE SME+NSE Main Board
AGIIL,Agi Infra Limited,3386.18,539042,extended_micro,NSE+BSE,BSE Main Board+BSE SME+NSE Main Board
PARAGMILK,Parag Milk Foods Limited,3425.37,539889,extended_micro,NSE+BSE,BSE Main Board+BSE SME+NSE Main Board
HEMIPROP,Hemisphere Properties India Limited,3427.13,543242,extended_micro,NSE+BSE,BSE Main Board+BSE SME+NSE Main Board
KNRCON,KNR Constructions Limited,3429.66,532942,extended_micro,NSE+BSE,BSE Main Board+BSE SME+NSE Main Board
NITINSPIN,Nitin Spinners Limited,3431.39,532698,extended_micro,NSE+BSE,BSE Main Board+BSE SME+NSE Main Board
DIVGIITTS,Divgi Torqtransfer Systems Limited,3441.8,543812,extended_micro,NSE+BSE,BSE Main Board+BSE SME+NSE Main Board
LUMINO,Lumino Industries Limited,3453.64,544894,extended_micro,NSE+BSE,BSE Main Board+BSE SME+NSE Main Board
POLYPLEX,Polyplex Corporation Limited,3467.61,524051,extended_micro,NSE+BSE,BSE Main Board+BSE SME+NSE Main Board
VAIBHAVGBL,Vaibhav Global Limited,3489.61,532156,extended_micro,NSE+BSE,BSE Main Board+BSE SME+NSE Main Board
JTLIND,JTL INDUSTRIES LIMITED,3494.5,534600,extended_micro,NSE+BSE,BSE Main Board+BSE SME+NSE Main Board
KIRIINDUS,Kiri Industries Limited,3498.87,532967,extended_micro,NSE+BSE,BSE Main Board+BSE SME+NSE Main Board
